Start;End;Sleep quality;Time in bed;Wake up;Sleep Notes;Heart rate;Activity (steps)
2014-09-28 03:34:30;2014-09-28 11:08:14;89%;7:33;;;;1915
2014-09-30 01:00:51;2014-09-30 06:56:56;68%;5:56;;;;4433
2014-10-01 02:07:23;2014-10-01 06:57:12;57%;4:49;;;;9506
2014-10-02 01:24:34;2014-10-02 06:38:26;54%;5:13;;;;8304
2014-10-03 00:24:24;2014-10-03 06:57:35;71%;6:33;;;;8226
2014-10-05 01:39:23;2014-10-05 06:12:09;39%;4:32;;;;9073
2014-10-06 23:37:14;2014-10-07 06:57:28;71%;7:20;;;;3080
2014-10-08 00:42:22;2014-10-08 06:55:58;61%;6:13;;;;4700
2014-10-08 23:37:56;2014-10-09 06:56:28;63%;7:18;;;;5395
2014-10-10 00:26:28;2014-10-10 06:55:42;74%;6:29;;;;8115
2014-10-12 02:09:37;2014-10-12 09:44:13;77%;7:34;;;;2093
2014-10-14 03:02:07;2014-10-14 07:02:18;46%;4:00;;;;4484
2014-10-14 07:02:31;2014-10-14 07:40:11;8%;0:37;;;;6
2014-10-15 00:45:41;2014-10-15 05:45:51;54%;5:00;;;;6849
2014-10-17 01:29:51;2014-10-17 06:01:42;39%;4:31;;;;7106
2014-10-19 01:14:05;2014-10-19 10:11:42;100%;8:57;;;;5126
2014-10-20 23:33:10;2014-10-21 07:01:26;68%;7:28;;;;6890
2014-10-22 02:13:00;2014-10-22 06:41:42;53%;4:28;;;;7798
2014-10-22 21:29:27;2014-10-23 06:59:54;86%;9:30;;;;7251
2014-10-24 00:49:16;2014-10-24 06:23:35;50%;5:34;;;;9328
2014-10-27 20:43:07;2014-10-28 06:08:04;77%;9:24;;;;6484
2014-10-29 00:08:55;2014-10-29 06:19:18;60%;6:10;;;;4579
2014-10-30 01:17:37;2014-10-30 06:34:13;56%;5:16;;;;7456
2014-10-31 01:21:44;2014-10-31 06:10:42;50%;4:48;;;;7352
2014-11-01 02:31:47;2014-11-01 09:36:29;72%;7:04;;;;5096
2014-11-02 02:03:03;2014-11-02 05:47:15;38%;3:44;;;;9763
2014-11-03 23:14:59;2014-11-04 06:32:45;59%;7:17;;;;2031
2014-11-06 02:51:26;2014-11-06 06:54:58;42%;4:03;;;;7484
2014-11-07 02:08:45;2014-11-07 06:47:21;48%;4:38;;;;7293
2014-11-08 00:28:48;2014-11-08 06:56:16;57%;6:27;;;;5756
2014-11-12 00:13:45;2014-11-12 06:55:04;73%;6:41;;;;4302
2014-11-13 02:53:27;2014-11-13 07:15:29;40%;4:22;;;;6093
2014-11-14 01:52:19;2014-11-14 07:01:24;57%;5:09;;;;7903
2014-11-16 02:38:42;2014-11-16 10:35:02;60%;7:56;;;;5990
2014-11-19 03:19:46;2014-11-19 06:58:38;39%;3:38;;;;7621
2014-11-20 01:22:32;2014-11-20 07:03:37;66%;5:41;;;;7502
2014-11-21 02:38:23;2014-11-21 07:01:19;51%;4:22;;;;7135
2014-11-23 02:41:59;2014-11-23 05:28:45;30%;2:46;;;;4332
2014-11-25 02:19:15;2014-11-25 07:01:19;54%;4:42;;;;4189
2014-11-26 02:51:11;2014-11-26 07:06:52;45%;4:15;;;;7360
2014-11-27 03:59:07;2014-11-27 12:14:07;68%;8:14;;;;8139
2014-11-28 04:30:50;2014-11-28 10:37:46;57%;6:06;;;;7659
2014-11-29 04:18:11;2014-11-29 13:09:33;76%;8:51;;;;4544
2014-11-30 02:56:48;2014-11-30 12:01:38;87%;9:04;;;;4796
2014-12-02 01:20:23;2014-12-02 07:00:58;68%;5:40;;;;3212
2014-12-03 01:39:04;2014-12-03 06:47:40;56%;5:08;;;;4574
2014-12-04 01:58:36;2014-12-04 08:21:50;53%;6:23;;;;5845
2014-12-05 03:41:04;2014-12-05 07:56:21;46%;4:15;;;;9037
2014-12-06 02:35:39;2014-12-06 11:23:27;74%;8:47;;;;7996
2014-12-07 02:37:39;2014-12-07 11:30:59;81%;8:53;;;;3206
2014-12-07 23:36:26;2014-12-08 06:38:40;66%;7:02;;;;1612
2014-12-09 02:58:20;2014-12-09 07:33:03;52%;4:34;;;;7875
2014-12-10 02:14:28;2014-12-10 07:31:14;63%;5:16;;;;6016
2014-12-11 00:23:31;2014-12-11 07:05:25;63%;6:41;;;;6900
2014-12-12 02:18:20;2014-12-12 07:46:17;62%;5:27;;;;5230
2014-12-13 02:14:16;2014-12-13 11:42:16;87%;9:27;;;;10486
2014-12-14 02:57:25;2014-12-14 12:09:20;82%;9:11;;;;7207
2014-12-15 00:11:35;2014-12-15 07:05:19;62%;6:53;;;;2857
2014-12-16 00:29:24;2014-12-16 08:19:19;81%;7:49;;;;5039
2014-12-17 03:28:14;2014-12-17 08:23:52;63%;4:55;;;;4445
2014-12-18 03:22:41;2014-12-18 08:17:05;56%;4:54;;;;3335
2014-12-19 02:40:49;2014-12-19 08:09:40;53%;5:28;;;;4179
2014-12-20 03:04:36;2014-12-20 11:06:07;66%;8:01;;;;6556
2014-12-21 02:44:50;2014-12-21 12:02:44;59%;9:17;;;;11846
2014-12-21 23:24:07;2014-12-22 07:12:27;60%;7:48;;;;1538
2014-12-23 02:23:39;2014-12-23 06:59:46;39%;4:36;;;;5627
2014-12-24 03:39:26;2014-12-24 12:41:52;68%;9:02;;;;5061
2014-12-25 04:51:06;2014-12-25 11:48:26;59%;6:57;;;;7984
2014-12-26 01:40:46;2014-12-26 09:05:31;64%;7:24;;;;2789
2014-12-27 02:43:32;2014-12-27 12:23:00;81%;9:39;;;;9341
2014-12-28 02:38:24;2014-12-28 11:47:36;66%;9:09;;;;5487
2014-12-29 03:41:29;2014-12-29 10:30:35;51%;6:49;;;;3299
2014-12-30 03:45:37;2014-12-30 12:07:36;67%;8:21;;;;2312
2014-12-31 01:59:51;2014-12-31 07:53:11;57%;5:53;;;;3058
2015-01-01 02:25:45;2015-01-01 11:28:31;71%;9:02;;;;2877
2015-01-02 02:49:52;2015-01-02 11:33:02;63%;8:43;;;;1663
2015-01-03 03:31:36;2015-01-03 08:00:17;43%;4:28;;;;2822
2015-01-04 04:03:47;2015-01-04 10:15:59;51%;6:12;;;;4846
2015-01-05 01:50:27;2015-01-05 09:34:35;50%;7:44;;;;1953
2015-01-06 01:19:23;2015-01-06 08:28:21;65%;7:08;;;;9073
2015-01-07 03:25:36;2015-01-07 07:56:05;44%;4:30;;;;4252
2015-01-08 03:15:59;2015-01-08 08:25:45;53%;5:09;;;;6284
2015-01-09 03:23:24;2015-01-09 08:11:56;43%;4:48;;;;3127
2015-01-10 03:17:36;2015-01-10 11:39:49;72%;8:22;;;;5400
2015-01-11 02:04:16;2015-01-11 11:58:23;81%;9:54;;;;3943
2015-01-11 23:29:11;2015-01-12 06:31:46;57%;7:02;;;;2055
2015-01-12 20:55:10;2015-01-13 06:45:22;77%;9:50;;;;7391
2015-01-13 23:18:21;2015-01-14 05:40:05;63%;6:21;;;;10887
2015-01-14 23:40:22;2015-01-15 06:30:55;56%;6:50;;;;5441
2015-01-15 23:58:36;2015-01-16 06:30:52;49%;6:32;;;;3757
2015-01-17 02:25:49;2015-01-17 11:06:14;73%;8:40;;;;9870
2015-01-18 02:38:37;2015-01-18 09:41:33;70%;7:02;;;;7198
2015-01-18 23:17:26;2015-01-19 07:43:27;52%;8:26;;;;5488
2015-01-20 00:15:26;2015-01-20 07:00:53;57%;6:45;;;;3792
2015-01-21 01:22:00;2015-01-21 07:31:07;62%;6:09;;;;6242
2015-01-21 21:48:22;2015-01-22 06:56:16;82%;9:07;;;;6387
2015-01-23 02:19:17;2015-01-23 07:40:33;40%;5:21;;;;9401
2015-01-24 01:22:19;2015-01-24 10:04:41;75%;8:42;;;;7709
2015-01-25 02:06:03;2015-01-25 11:15:50;57%;9:09;;;;9224
2015-01-25 23:04:39;2015-01-26 06:51:30;66%;7:46;;;;1885
2015-01-26 23:11:37;2015-01-27 07:28:41;70%;8:17;;;;8539
2015-01-28 00:28:19;2015-01-28 07:15:47;76%;6:47;;;;10805
2015-01-28 23:50:21;2015-01-29 07:26:48;64%;7:36;;;;10087
2015-01-30 01:42:54;2015-01-30 08:01:28;33%;6:18;;;;7042
2015-01-31 00:17:23;2015-01-31 08:00:19;50%;7:42;;;;9736
2015-02-01 02:16:21;2015-02-01 10:02:08;65%;7:45;;;;4938
2015-02-01 23:19:11;2015-02-02 00:10:30;11%;0:51;;;;1350
2015-02-02 00:12:42;2015-02-02 07:32:25;71%;7:19;;;;1406
2015-02-02 23:57:41;2015-02-03 07:29:47;68%;7:32;;;;10551
2015-02-03 23:45:01;2015-02-04 07:31:17;77%;7:46;;;;11310
2015-02-05 01:10:49;2015-02-05 07:31:45;53%;6:20;;;;7715
2015-02-06 00:43:24;2015-02-06 08:04:36;67%;7:21;;;;8401
2015-02-06 23:41:41;2015-02-07 09:07:24;61%;9:25;;;;6870
2015-02-08 02:00:51;2015-02-08 08:15:35;66%;6:14;;;;5360
2015-02-12 00:41:52;2015-02-12 07:16:28;64%;6:34;;;;10013
2015-02-13 02:08:08;2015-02-13 08:23:23;50%;6:15;;;;7742
2015-02-16 23:49:02;2015-02-17 06:33:01;67%;6:43;;;;4442
2015-02-18 01:13:16;2015-02-18 07:04:49;57%;5:51;;;;9367
2015-02-19 00:54:00;2015-02-19 06:36:01;50%;5:42;;;;7153
2015-02-20 00:24:17;2015-02-20 06:35:08;66%;6:10;;;;7926
2015-02-21 03:28:06;2015-02-21 09:37:48;64%;6:09;;;;8224
2015-02-22 01:08:38;2015-02-22 09:56:43;71%;8:48;;;;6941
2015-02-24 02:37:40;2015-02-24 06:42:25;42%;4:04;;;;7180
2015-02-26 02:48:11;2015-02-26 07:27:11;46%;4:38;;;;17041
2015-02-27 00:16:26;2015-02-27 04:46:35;43%;4:30;;;;27675
2015-02-28 01:10:12;2015-02-28 10:22:43;89%;9:12;;;;8563
2015-02-28 23:52:09;2015-03-01 09:16:21;66%;9:24;;;;1976
2015-03-01 22:43:04;2015-03-01 23:30:39;10%;0:47;;;;2032
2015-03-01 23:31:10;2015-03-02 06:49:13;66%;7:18;;;;2032
2015-03-03 01:18:14;2015-03-03 06:11:12;46%;4:52;;;;6256
2015-03-04 00:40:10;2015-03-04 07:16:14;66%;6:36;;;;16399
2015-03-05 00:30:18;2015-03-05 07:44:41;74%;7:14;;;;12634
2015-03-05 23:39:48;2015-03-06 07:27:26;76%;7:47;;;;5029
2015-03-06 23:55:07;2015-03-07 08:09:25;84%;8:14;;;;7709
2015-03-08 03:11:34;2015-03-08 11:24:05;79%;8:12;;;;8167
2015-03-08 23:36:52;2015-03-09 06:58:15;55%;7:21;;;;1326
2015-03-10 00:17:03;2015-03-10 07:30:23;68%;7:13;;;;5225
2015-03-11 02:54:56;2015-03-11 06:19:57;40%;3:25;;;;6053
2015-03-12 00:38:35;2015-03-12 07:16:53;67%;6:38;;;;3822
2015-03-13 00:22:10;2015-03-13 06:09:22;54%;5:47;;;;6524
2015-03-14 02:19:42;2015-03-14 11:30:53;87%;9:11;;;;10468
2015-03-15 01:32:30;2015-03-15 10:04:58;73%;8:32;;;;3953
2015-03-16 00:00:01;2015-03-16 06:55:32;62%;6:55;;;;1321
2015-03-16 23:49:05;2015-03-17 07:33:50;78%;7:44;;;;3919
2015-03-18 02:16:50;2015-03-18 07:00:51;51%;4:44;;;;8530
2015-03-18 23:44:14;2015-03-19 07:00:59;57%;7:16;;;;8869
2015-03-20 02:11:55;2015-03-20 07:22:36;53%;5:10;;;;5683
2015-03-21 00:49:57;2015-03-21 09:14:32;70%;8:24;;;;4017
2015-03-22 03:03:23;2015-03-22 11:17:53;75%;8:14;;;;2349
2015-03-23 00:09:19;2015-03-23 06:47:44;47%;6:38;;;;1297
2015-03-23 22:38:30;2015-03-24 07:49:37;83%;9:11;;;;8826
2015-03-25 01:09:38;2015-03-25 07:29:32;64%;6:19;;;;8959
2015-03-26 00:12:17;2015-03-26 07:51:13;79%;7:38;;;;5184
2015-03-26 22:10:40;2015-03-27 07:29:52;89%;9:19;;;;1960
2015-03-28 03:25:24;2015-03-28 10:30:35;72%;7:05;;;;7809
2015-03-29 01:25:17;2015-03-29 10:20:48;88%;8:55;;;;5168
2015-03-29 23:37:03;2015-03-30 07:01:25;70%;7:24;;;;3583
2015-03-30 22:26:54;2015-03-31 07:45:42;81%;9:18;;;;5624
2015-04-01 01:57:04;2015-04-01 07:14:48;53%;5:17;;;;7674
2015-04-01 23:58:42;2015-04-02 06:51:11;66%;6:52;;;;8177
2015-04-03 01:28:31;2015-04-03 06:35:09;46%;5:06;;;;5921
2015-04-04 01:23:29;2015-04-04 09:10:57;75%;7:47;;;;7241
2015-04-05 03:15:57;2015-04-05 11:35:38;81%;8:19;;;;3249
2015-04-06 00:37:06;2015-04-06 06:18:43;54%;5:41;;;;1194
2015-04-06 20:56:33;2015-04-07 05:52:15;82%;8:55;;;;6043
2015-04-08 00:50:56;2015-04-08 07:20:23;67%;6:29;;;;8107
2015-04-08 23:55:06;2015-04-09 07:08:55;44%;7:13;;;;6791
2015-04-09 21:29:58;2015-04-10 06:48:46;76%;9:18;;;;6930
2015-04-10 23:42:17;2015-04-11 08:34:20;76%;8:52;;;;7434
2015-04-12 02:04:50;2015-04-12 09:16:14;80%;7:11;;;;2445
2015-04-12 23:38:53;2015-04-13 06:57:20;53%;7:18;;;;2404
2015-04-13 22:02:37;2015-04-14 06:56:18;96%;8:53;;;;3467
2015-04-14 23:00:42;2015-04-15 06:43:33;85%;7:42;;;;8967
2015-04-17 00:13:06;2015-04-17 06:44:40;63%;6:31;;;;5242
2015-04-18 01:28:04;2015-04-18 08:41:03;71%;7:12;;;;5178
2015-04-20 01:01:44;2015-04-20 06:53:40;51%;5:51;;;;540
2015-04-20 22:32:09;2015-04-21 07:31:01;89%;8:58;;;;4641
2015-04-21 23:24:07;2015-04-22 06:37:18;57%;7:13;;;;6127
2015-04-23 01:20:47;2015-04-23 06:47:28;56%;5:26;;;;5228
2015-04-24 02:10:35;2015-04-24 07:03:12;51%;4:52;;;;7842
2015-04-25 00:53:36;2015-04-25 08:50:00;69%;7:56;;;;2883
2015-04-26 00:50:54;2015-04-26 10:08:47;68%;9:17;;;;5947
2015-04-26 23:04:33;2015-04-27 06:34:11;73%;7:29;;;;1424
2015-04-28 01:17:49;2015-04-28 07:20:41;54%;6:02;;;;7077
2015-04-29 03:11:06;2015-04-29 07:29:41;45%;4:18;;;;7784
2015-04-29 23:34:55;2015-04-30 06:54:45;64%;7:19;;;;7337
2015-05-01 00:15:15;2015-05-01 07:04:35;72%;6:49;;;;4554
2015-05-02 01:48:33;2015-05-02 10:18:17;75%;8:29;;;;8150
2015-05-03 02:32:32;2015-05-03 10:18:40;72%;7:46;;;;6077
2015-05-03 22:27:23;2015-05-04 06:15:23;68%;7:47;;;;1614
2015-05-05 00:04:02;2015-05-05 06:24:48;66%;6:20;;;;5713
2015-05-06 02:29:07;2015-05-06 07:20:03;44%;4:50;;;;5637
2015-05-06 23:57:08;2015-05-07 06:15:26;52%;6:18;;;;9767
2015-05-08 02:45:12;2015-05-08 07:29:54;46%;4:44;;;;5419
2015-05-09 00:04:01;2015-05-09 08:54:37;78%;8:50;;;;4967
2015-05-10 01:42:58;2015-05-10 10:01:41;80%;8:18;;;;6933
2015-05-10 23:47:32;2015-05-11 00:26:47;8%;0:39;;;;2454
2015-05-11 00:26:53;2015-05-11 06:31:52;45%;6:04;;;;2484
2015-05-12 03:23:06;2015-05-12 07:42:26;44%;4:19;;;;10635
2015-05-12 23:32:28;2015-05-13 07:15:50;72%;7:43;;;;6265
2015-05-14 01:51:33;2015-05-14 07:57:48;66%;6:06;;;;5204
2015-05-15 01:23:43;2015-05-15 07:35:33;67%;6:11;;;;5843
2015-05-16 00:51:21;2015-05-16 07:15:17;44%;6:23;;;;5075
2015-05-17 02:59:05;2015-05-17 11:24:06;85%;8:25;;;;3125
2015-05-18 00:05:25;2015-05-18 06:10:29;54%;6:05;;;;4406
2015-05-18 22:17:33;2015-05-19 07:28:43;90%;9:11;;;;4019
2015-05-20 02:15:26;2015-05-20 07:48:21;57%;5:32;;;;8389
2015-05-21 00:39:54;2015-05-21 07:48:43;72%;7:08;;;;8139
2015-05-22 02:39:45;2015-05-22 07:48:48;61%;5:09;;;;9684
2015-05-22 23:19:43;2015-05-23 07:51:47;100%;8:32;;;;7356
2015-05-24 00:05:38;2015-05-24 08:50:08;100%;8:44;;;;7771
2015-05-24 23:49:02;2015-05-25 08:50:30;66%;9:01;;;;4324
2015-05-26 00:59:17;2015-05-26 07:23:47;63%;6:24;;;;3101
2015-05-27 01:16:58;2015-05-27 07:30:45;69%;6:13;;;;7503
2015-05-27 21:59:00;2015-05-28 07:10:05;84%;9:11;;;;7781
2015-05-28 22:26:13;2015-05-29 06:12:24;77%;7:46;;;;7067
2015-05-30 01:02:46;2015-05-30 10:18:59;89%;9:16;;;;7457
2015-05-31 03:02:02;2015-05-31 10:39:47;72%;7:37;;;;8978
2015-05-31 23:55:13;2015-06-01 06:53:51;72%;6:58;;;;3614
2015-06-01 23:24:50;2015-06-02 08:14:56;85%;8:50;;;;7683
2015-06-03 02:24:35;2015-06-03 08:15:34;59%;5:50;;;;6808
2015-06-03 21:22:06;2015-06-04 06:48:14;78%;9:26;;;;8244
2015-06-05 00:05:20;2015-06-05 06:29:12;66%;6:23;;;;12066
2015-06-06 01:13:39;2015-06-06 07:29:00;52%;6:15;;;;6682
2015-06-07 00:42:10;2015-06-07 09:44:46;85%;9:02;;;;3198
2015-06-07 23:04:04;2015-06-08 06:30:29;78%;7:26;;;;313
2015-06-08 21:21:17;2015-06-09 06:32:40;87%;9:11;;;;4901
2015-06-10 00:37:33;2015-06-10 07:32:07;73%;6:54;;;;7144
2015-06-10 23:47:00;2015-06-11 06:17:12;72%;6:30;;;;4635
2015-06-12 01:09:34;2015-06-12 06:32:08;56%;5:22;;;;10481
2015-06-13 02:08:24;2015-06-13 09:36:08;60%;7:27;;;;5759
2015-06-14 02:10:22;2015-06-14 11:27:48;86%;9:17;;;;10683
2015-06-14 23:09:58;2015-06-15 06:31:14;71%;7:21;;;;4450
2015-06-16 00:22:44;2015-06-16 06:38:43;65%;6:15;;;;7796
2015-06-17 00:25:01;2015-06-17 06:24:33;62%;5:59;;;;5762
2015-06-18 02:31:35;2015-06-18 06:40:07;42%;4:08;;;;7764
2015-06-19 00:35:28;2015-06-19 07:50:33;74%;7:15;;;;13911
2015-06-19 23:36:49;2015-06-20 07:26:41;64%;7:49;;;;10342
2015-06-21 00:52:05;2015-06-21 10:15:10;77%;9:23;;;;6198
2015-06-21 23:24:25;2015-06-22 06:38:28;68%;7:14;;;;1615
2015-06-23 00:38:29;2015-06-23 08:00:00;70%;7:21;;;;7153
2015-06-24 01:39:23;2015-06-24 06:30:56;51%;4:51;;;;8918
2015-06-24 23:08:25;2015-06-25 06:28:42;79%;7:20;;;;6365
2015-06-26 02:21:23;2015-06-26 06:57:59;49%;4:36;;;;9954
2015-06-27 03:13:06;2015-06-27 11:08:35;91%;7:55;;;;7938
2015-06-28 02:35:18;2015-06-28 10:37:42;82%;8:02;;;;5519
2015-06-28 23:31:35;2015-06-29 06:12:23;60%;6:40;;;;3074
2015-06-30 01:32:22;2015-06-30 07:40:25;67%;6:08;;;;7080
2015-07-01 00:36:27;2015-07-01 07:46:42;77%;7:10;;;;9292
2015-07-02 00:43:15;2015-07-02 06:55:29;64%;6:12;;;;8837
2015-07-02 23:56:58;2015-07-03 09:17:04;88%;9:20;;;;7925
2015-07-04 01:15:15;2015-07-04 09:13:06;92%;7:57;;;;5948
2015-07-05 02:03:41;2015-07-05 09:48:24;89%;7:44;;;;2079
2015-07-05 22:02:18;2015-07-06 06:29:27;74%;8:27;;;;2657
2015-07-07 01:15:07;2015-07-07 07:42:34;70%;6:27;;;;8036
2015-07-08 00:24:25;2015-07-08 07:44:14;74%;7:19;;;;4791
2015-07-08 23:35:24;2015-07-09 07:20:35;76%;7:45;;;;6416
2015-07-10 01:20:59;2015-07-10 07:48:25;65%;6:27;;;;4563
2015-07-11 01:47:13;2015-07-11 06:48:29;50%;5:01;;;;7389
2015-07-12 01:26:35;2015-07-12 10:54:48;84%;9:28;;;;7387
2015-07-12 22:59:23;2015-07-13 00:10:36;15%;1:11;;;;5373
2015-07-13 00:11:36;2015-07-13 06:31:05;56%;6:19;;;;5627
2015-07-13 21:34:59;2015-07-14 06:47:11;90%;9:12;;;;5963
2015-07-14 22:59:06;2015-07-15 07:42:49;89%;8:43;;;;4746
2015-07-16 00:53:35;2015-07-16 06:41:19;62%;5:47;;;;5524
2015-07-16 22:11:34;2015-07-17 07:25:00;80%;9:13;;;;11695
2015-07-18 00:07:06;2015-07-18 06:28:33;53%;6:21;;;;7016
2015-07-18 23:58:06;2015-07-19 09:18:15;77%;9:20;;;;9234
2015-07-19 23:59:43;2015-07-20 06:23:23;59%;6:23;;;;5319
2015-07-20 23:53:21;2015-07-21 07:00:17;63%;7:06;;;;7012
2015-07-22 00:05:11;2015-07-22 07:56:15;89%;7:51;;;;7554
2015-07-23 01:01:20;2015-07-23 06:59:49;59%;5:58;;;;7189
2015-07-24 00:14:38;2015-07-24 07:58:24;88%;7:43;;;;5713
2015-07-25 01:24:37;2015-07-25 09:35:46;71%;8:11;;;;11284
2015-07-26 00:34:34;2015-07-26 10:35:07;90%;10:00;;;;7096
2015-07-27 00:38:03;2015-07-27 06:41:09;50%;6:03;;;;7231
2015-07-28 02:07:42;2015-07-28 07:33:13;58%;5:25;;;;6354
2015-07-28 23:46:16;2015-07-29 06:59:37;79%;7:13;;;;7928
2015-07-30 01:14:27;2015-07-30 06:47:09;48%;5:32;;;;8079
2015-07-30 22:48:59;2015-07-31 07:57:03;92%;9:08;;;;6333
2015-08-01 02:22:24;2015-08-01 06:10:32;42%;3:48;;;;6492
2015-08-02 00:18:49;2015-08-02 10:05:50;75%;9:47;;;;9136
2015-08-02 22:27:25;2015-08-03 06:21:02;60%;7:53;;;;1449
2015-08-04 01:09:02;2015-08-04 07:57:22;70%;6:48;;;;7033
2015-08-05 02:30:53;2015-08-05 07:14:07;48%;4:43;;;;6539
2015-08-05 07:14:22;2015-08-05 07:51:37;8%;0:37;;;;10
2015-08-05 08:01:24;2015-08-05 08:30:24;6%;0:29;;;;10
2015-08-06 00:15:44;2015-08-06 06:56:56;65%;6:41;;;;9261
2015-08-07 00:54:49;2015-08-07 07:18:25;61%;6:23;;;;8620
2015-08-07 23:13:09;2015-08-08 07:41:09;96%;8:28;;;;6019
2015-08-09 00:39:03;2015-08-09 08:14:59;82%;7:35;;;;4339
2015-08-09 23:10:51;2015-08-10 06:29:08;41%;7:18;;;;2686
2015-08-11 00:11:32;2015-08-11 06:40:06;57%;6:28;;;;7433
2015-08-12 02:27:08;2015-08-12 07:51:24;54%;5:24;;;;9984
2015-08-13 00:18:00;2015-08-13 06:36:05;47%;6:18;;;;4536
2015-08-13 23:05:57;2015-08-14 07:57:17;88%;8:51;;;;3685
2015-08-14 23:19:46;2015-08-15 09:57:39;66%;10:37;;;;5877
2015-08-16 02:13:24;2015-08-16 10:55:55;87%;8:42;;;;6431
2015-08-17 00:20:10;2015-08-17 06:23:19;56%;6:03;;;;1619
2015-08-17 23:09:18;2015-08-18 07:36:40;87%;8:27;;;;5523
2015-08-18 22:54:17;2015-08-19 05:59:14;76%;7:04;;;;6815
2015-08-19 21:28:51;2015-08-19 22:29:54;13%;1:01;;;;5045
2015-08-19 23:25:30;2015-08-20 05:54:08;60%;6:28;;;;5054
2015-08-20 22:50:50;2015-08-21 06:53:57;65%;8:03;;;;6948
2015-08-22 00:33:18;2015-08-22 05:59:39;63%;5:26;;;;7961
2015-08-23 00:34:36;2015-08-23 11:16:33;82%;10:41;;;;9988
2015-08-23 22:57:39;2015-08-24 07:06:44;71%;8:09;;;;3173
2015-08-25 01:15:17;2015-08-25 05:58:10;52%;4:42;;;;6401
2015-08-25 22:18:12;2015-08-26 00:24:54;9%;2:06;;;;7236
2015-08-26 00:25:23;2015-08-26 06:01:58;60%;5:36;;;;7236
2015-08-27 00:15:14;2015-08-27 06:27:28;59%;6:12;;;;6486
2015-08-28 00:28:41;2015-08-28 06:37:50;67%;6:09;;;;8901
2015-08-29 00:58:11;2015-08-29 08:11:54;81%;7:13;;;;3318
2015-08-29 23:05:15;2015-08-30 08:01:53;84%;8:56;;;;445
2015-08-30 23:30:46;2015-08-31 07:06:25;62%;7:35;;;;2850
2015-09-01 00:06:53;2015-09-01 06:15:45;55%;6:08;;;;6256
2015-09-02 00:22:13;2015-09-02 07:30:57;0%;0:00;;;;5854
2015-09-03 01:06:20;2015-09-03 06:30:59;56%;5:24;;;;8890
2015-09-03 23:07:00;2015-09-04 07:13:46;69%;8:06;;;;7277
2015-09-05 00:15:51;2015-09-05 09:24:46;74%;9:08;;;;4849
2015-09-06 01:49:19;2015-09-06 10:03:18;86%;8:13;;;;6038
2015-09-07 01:04:20;2015-09-07 10:07:01;75%;9:02;;;;4589
2015-09-08 00:02:20;2015-09-08 07:06:09;64%;7:03;;;;144
2015-09-09 02:50:42;2015-09-09 07:58:00;53%;5:07;;;;6823
2015-09-10 01:53:37;2015-09-10 07:39:46;0%;0:00;;;;7837
2015-09-11 02:11:30;2015-09-11 06:58:49;46%;4:47;;;;9646
2015-09-11 23:21:56;2015-09-12 09:42:22;81%;10:20;;;;11105
2015-09-13 02:18:42;2015-09-13 09:19:24;65%;7:00;;;;3457
2015-09-14 00:07:17;2015-09-14 07:30:37;69%;7:23;;;;2408
2015-09-15 00:34:37;2015-09-15 07:32:28;76%;6:57;;;;6186
2015-09-16 00:27:59;2015-09-16 07:32:57;76%;7:04;;;;4918
2015-09-17 02:22:26;2015-09-17 06:09:47;46%;3:47;;;;8851
2015-09-17 22:20:30;2015-09-18 07:51:14;92%;9:30;;;;8312
2015-09-18 23:14:40;2015-09-19 06:57:22;63%;7:42;;;;6210
2015-09-19 21:51:12;2015-09-20 07:33:40;71%;9:42;;;;14364
2015-09-20 23:57:30;2015-09-21 07:30:27;64%;7:32;;;;2835
2015-09-21 22:31:26;2015-09-22 08:01:08;88%;9:29;;;;8192
2015-09-23 02:51:20;2015-09-23 07:59:13;58%;5:07;;;;5497
2015-09-23 23:30:25;2015-09-24 07:57:25;91%;8:27;;;;7090
2015-09-25 00:27:35;2015-09-25 07:57:23;71%;7:29;;;;7220
2015-09-26 00:05:39;2015-09-26 08:41:37;69%;8:35;;;;7513
2015-09-27 01:30:14;2015-09-27 08:57:21;69%;7:27;;;;2546
2015-09-27 23:47:15;2015-09-28 06:35:42;60%;6:48;;;;1829
2015-09-29 00:40:37;2015-09-29 07:45:19;71%;7:04;;;;7822
2015-09-30 01:01:29;2015-09-30 06:57:57;69%;5:56;;;;7999
2015-10-01 01:53:30;2015-10-01 07:57:20;69%;6:03;;;;7529
2015-10-02 00:42:57;2015-10-02 06:28:38;66%;5:45;;;;5835
2015-10-02 22:34:17;2015-10-03 07:53:30;74%;9:19;;;;7548
2015-10-04 02:36:26;2015-10-04 10:44:13;79%;8:07;;;;4749
2015-10-05 02:05:25;2015-10-05 09:05:17;62%;6:59;;;;848
2015-10-06 00:50:13;2015-10-06 07:58:46;73%;7:08;;;;9790
2015-10-06 21:51:50;2015-10-07 06:55:15;97%;9:03;;;;3874
2015-10-08 02:16:36;2015-10-08 08:25:03;62%;6:08;;;;9625
2015-10-09 02:07:24;2015-10-09 07:57:33;62%;5:50;;;;9195
2015-10-10 01:39:08;2015-10-10 07:48:49;66%;6:09;;;;7221
2015-10-11 01:05:16;2015-10-11 09:42:21;92%;8:37;;;;10464
2015-10-11 23:50:54;2015-10-12 07:00:58;64%;7:10;;;;522
2015-10-12 21:35:00;2015-10-13 07:57:14;96%;10:22;;;;5620
2015-10-13 22:29:45;2015-10-14 07:57:20;94%;9:27;;;;6726
2015-10-14 22:59:38;2015-10-15 07:22:23;92%;8:22;;;;8305
2015-10-16 00:53:54;2015-10-16 07:58:33;80%;7:04;;;;7925
2015-10-16 23:49:40;2015-10-17 08:58:15;84%;9:08;;;;4820
2015-10-18 00:06:19;2015-10-18 09:05:19;96%;8:59;;;;6590
2015-10-18 23:21:41;2015-10-19 06:15:40;51%;6:53;;;;3608
2015-10-19 22:00:45;2015-10-20 08:01:31;95%;10:00;;;;5969
2015-10-20 22:46:48;2015-10-21 07:51:44;96%;9:04;;;;1197
2015-10-22 00:12:14;2015-10-22 08:02:11;79%;7:49;;;;3921
2015-10-23 03:13:19;2015-10-23 08:01:16;59%;4:47;;;;7224
2015-10-23 23:49:17;2015-10-24 10:01:25;82%;10:12;;;;2976
2015-10-25 01:13:35;2015-10-25 04:55:09;34%;3:41;;;;3152
2015-10-26 00:54:43;2015-10-26 07:05:02;65%;6:10;;;;1632
2015-10-26 23:01:48;2015-10-27 06:28:26;77%;7:26;;;;6482
2015-10-27 06:30:03;2015-10-27 07:59:28;19%;1:29;;;;0
2015-10-28 03:57:17;2015-10-28 08:24:40;49%;4:27;;;;10243
2015-10-29 00:48:32;2015-10-29 08:02:34;76%;7:14;;;;5065
2015-10-30 00:09:33;2015-10-30 08:08:57;79%;7:59;;;;8297
2015-10-31 02:22:27;2015-10-31 10:36:58;86%;8:14;;;;7699
2015-11-01 01:36:04;2015-11-01 08:31:50;59%;6:55;;;;678
2015-11-01 21:45:45;2015-11-02 06:17:09;71%;8:31;;;;2257
2015-11-03 00:19:02;2015-11-03 07:56:24;68%;7:37;;;;9131
2015-11-04 01:38:04;2015-11-04 08:00:28;64%;6:22;;;;7435
2015-11-04 22:23:37;2015-11-05 08:01:44;88%;9:38;;;;7118
2015-11-06 03:43:23;2015-11-06 08:03:42;47%;4:20;;;;7292
2015-11-07 00:21:27;2015-11-07 09:20:40;78%;8:59;;;;8878
2015-11-08 03:50:11;2015-11-08 10:47:58;71%;6:57;;;;1352
2015-11-09 00:22:37;2015-11-09 07:00:58;64%;6:38;;;;842
2015-11-10 01:01:49;2015-11-10 07:14:56;57%;6:13;;;;6518
2015-11-11 00:01:06;2015-11-11 07:30:18;72%;7:29;;;;2838
2015-11-12 01:41:24;2015-11-12 08:02:08;65%;6:20;;;;4703
2015-11-13 02:02:52;2015-11-13 08:02:13;63%;5:59;;;;7899
2015-11-13 23:47:28;2015-11-14 10:12:32;76%;10:25;;;;4332
2015-11-15 00:56:24;2015-11-15 08:15:55;52%;7:19;;;;526
2015-11-16 00:27:56;2015-11-16 07:17:56;58%;6:50;;;;2047
2015-11-16 23:40:49;2015-11-17 08:15:40;88%;8:34;;;;1699
2015-11-18 00:18:52;2015-11-18 07:15:03;58%;6:56;;;;8843
2015-11-19 01:52:26;2015-11-19 10:08:43;83%;8:16;;;;5840
2015-11-19 21:43:09;2015-11-20 06:05:00;60%;8:21;;;;2576
2015-11-21 00:26:01;2015-11-21 09:02:02;82%;8:36;;;;13644
2015-11-22 02:20:34;2015-11-22 10:11:51;78%;7:51;;;;7884
2015-11-23 00:04:01;2015-11-23 07:21:24;66%;7:17;;;;1085
2015-11-24 02:51:11;2015-11-24 07:30:28;50%;4:39;;;;6363
2015-11-25 02:41:21;2015-11-25 08:06:23;55%;5:25;;;;8057
2015-11-26 03:46:11;2015-11-26 10:16:16;69%;6:30;;;;6977
2015-11-27 00:24:49;2015-11-27 06:45:55;52%;6:21;;;;6209
2015-11-28 02:47:15;2015-11-28 10:34:07;85%;7:46;;;;10972
2015-11-29 02:50:18;2015-11-29 11:21:27;86%;8:31;;;;3031
2015-11-30 00:39:15;2015-11-30 07:03:14;54%;6:23;;;;616
2015-12-01 00:34:34;2015-12-01 08:31:50;75%;7:57;;;;5159
2015-12-02 00:30:34;2015-12-02 07:22:22;63%;6:51;;;;7357
2015-12-03 01:06:14;2015-12-03 08:22:15;65%;7:16;;;;5510
2015-12-03 22:20:56;2015-12-04 06:15:38;53%;7:54;;;;5263
2015-12-05 00:54:48;2015-12-05 10:10:53;82%;9:16;;;;9409
2015-12-06 02:18:33;2015-12-06 10:27:14;87%;8:08;;;;2554
2015-12-07 01:33:29;2015-12-07 07:28:44;58%;5:55;;;;806
2015-12-07 23:54:31;2015-12-08 08:17:09;83%;8:22;;;;3926
2015-12-09 00:00:16;2015-12-09 08:06:46;80%;8:06;;;;2046
2015-12-09 23:34:12;2015-12-10 08:08:55;84%;8:34;;;;4391
2015-12-11 00:07:04;2015-12-11 06:09:09;55%;6:02;;;;3842
2015-12-12 03:18:46;2015-12-12 10:38:23;81%;7:19;;;;9691
2015-12-13 02:57:41;2015-12-13 11:52:03;77%;8:54;;;;2088
2015-12-13 19:58:33;2015-12-14 05:42:28;86%;9:43;;;;1403
2015-12-15 00:19:46;2015-12-15 06:49:20;67%;6:29;;;;2932
2015-12-16 02:30:16;2015-12-16 08:15:58;52%;5:45;;;;5060
2015-12-17 02:56:52;2015-12-17 08:27:31;54%;5:30;;;;8178
2015-12-18 00:49:31;2015-12-18 07:01:25;44%;6:11;;;;4068
2015-12-19 00:34:49;2015-12-19 10:09:53;78%;9:35;;;;4752
2015-12-20 02:56:44;2015-12-20 10:11:13;72%;7:14;;;;5834
2015-12-21 02:06:31;2015-12-21 08:19:22;66%;6:12;;;;13567
2015-12-21 08:24:09;2015-12-21 09:44:34;17%;1:20;;;;0
2015-12-22 04:37:00;2015-12-22 11:42:40;62%;7:05;;;;19632
2015-12-23 04:19:44;2015-12-23 13:23:45;87%;9:04;;;;12217
2015-12-24 02:29:48;2015-12-24 12:26:43;83%;9:56;;;;16124
2015-12-25 05:05:47;2015-12-25 13:01:36;82%;7:55;;;;12553
2015-12-26 05:44:37;2015-12-26 11:07:22;55%;5:22;;;;12754
2015-12-27 03:16:34;2015-12-27 10:22:50;77%;7:06;;;;5373
2015-12-27 23:20:38;2015-12-28 07:24:45;38%;8:04;;;;943
2015-12-29 00:19:52;2015-12-29 08:27:38;80%;8:07;;;;3089
2015-12-30 02:00:39;2015-12-30 09:32:57;64%;7:32;;;;3671
2015-12-31 01:33:15;2015-12-31 10:39:37;74%;9:06;;;;6992
2016-01-01 01:35:06;2016-01-01 08:27:41;51%;6:52;;;;528
2016-01-02 02:18:45;2016-01-02 11:15:08;67%;8:56;;;;6892
2016-01-03 04:21:12;2016-01-03 11:32:43;71%;7:11;;;;6287
2016-01-03 23:13:38;2016-01-04 07:13:29;46%;7:59;;;;1066
2016-01-04 21:56:10;2016-01-05 08:23:16;78%;10:27;;;;3153
2016-01-05 23:38:38;2016-01-06 08:12:30;84%;8:33;;;;4370
2016-01-06 23:47:18;2016-01-07 07:22:59;75%;7:35;;;;5235
2016-01-08 00:30:52;2016-01-08 07:08:32;66%;6:37;;;;2404
2016-01-09 00:54:37;2016-01-09 10:07:54;80%;9:13;;;;7843
2016-01-10 02:14:40;2016-01-10 11:27:28;88%;9:12;;;;4298
2016-01-10 23:35:57;2016-01-11 06:31:00;68%;6:55;;;;1296
2016-01-11 22:50:37;2016-01-12 06:31:31;85%;7:40;;;;7142
2016-01-12 23:28:06;2016-01-13 07:49:45;77%;8:21;;;;4795
2016-01-13 23:45:45;2016-01-14 06:43:41;70%;6:57;;;;5579
2016-01-15 02:17:38;2016-01-15 07:55:44;62%;5:38;;;;4733
2016-01-16 00:54:55;2016-01-16 10:27:56;85%;9:33;;;;4971
2016-01-17 03:56:48;2016-01-17 10:37:23;74%;6:40;;;;7857
2016-01-18 00:13:30;2016-01-18 07:30:22;61%;7:16;;;;3210
2016-01-19 00:45:03;2016-01-19 07:00:07;63%;6:15;;;;8847
2016-01-19 23:42:46;2016-01-20 06:19:51;56%;6:37;;;;6184
2016-01-20 23:22:42;2016-01-21 07:01:51;85%;7:39;;;;11992
2016-01-22 02:02:44;2016-01-22 08:00:57;63%;5:58;;;;7093
2016-01-22 23:21:19;2016-01-23 09:01:23;80%;9:40;;;;4055
2016-01-24 01:16:41;2016-01-24 10:08:35;84%;8:51;;;;5949
2016-01-24 22:57:09;2016-01-25 06:02:25;69%;7:05;;;;541
2016-01-25 21:09:16;2016-01-26 06:04:32;87%;8:55;;;;3589
2016-01-26 23:41:57;2016-01-27 07:35:02;89%;7:53;;;;6724
2016-01-27 23:09:13;2016-01-28 07:38:59;79%;8:29;;;;6189
2016-01-29 02:07:56;2016-01-29 07:24:00;56%;5:16;;;;5409
2016-01-30 01:12:56;2016-01-30 10:13:48;91%;9:00;;;;5035
2016-01-31 03:32:39;2016-01-31 11:23:36;76%;7:50;;;;1465
2016-02-01 01:09:01;2016-02-01 07:07:30;63%;5:58;;;;792
2016-02-02 01:57:15;2016-02-02 07:09:00;57%;5:11;;;;6060
2016-02-02 23:42:40;2016-02-03 06:56:14;71%;7:13;;;;6794
2016-02-03 23:53:42;2016-02-04 06:24:53;73%;6:31;;;;7398
2016-02-04 22:50:19;2016-02-05 06:25:02;64%;7:34;;;;6038
2016-02-06 01:35:39;2016-02-06 09:57:38;78%;8:21;;;;8951
2016-02-07 01:24:41;2016-02-07 10:22:48;75%;8:58;;;;4556
2016-02-08 01:39:02;2016-02-08 06:36:50;42%;4:57;;;;26
2016-02-08 23:35:02;2016-02-09 06:52:20;79%;7:17;;;;9994
2016-02-10 01:00:12;2016-02-10 07:51:16;75%;6:51;;;;7645
2016-02-11 01:41:43;2016-02-11 06:57:32;59%;5:15;;;;10608
2016-02-12 01:19:31;2016-02-12 07:30:14;72%;6:10;;;;6387
2016-02-13 00:59:59;2016-02-13 10:10:52;66%;9:10;;;;8074
2016-02-14 03:58:36;2016-02-14 12:02:11;78%;8:03;;;;6896
2016-02-15 00:00:08;2016-02-15 07:17:17;64%;7:17;;;;1513
2016-02-16 00:39:51;2016-02-16 07:09:09;69%;6:29;;;;10459
2016-02-17 02:04:02;2016-02-17 08:19:52;65%;6:15;;;;11152
2016-02-18 00:01:17;2016-02-18 06:58:27;79%;6:57;;;;8718
2016-02-19 02:49:56;2016-02-19 08:00:03;56%;5:10;;;;9443
2016-02-19 23:30:36;2016-02-20 09:56:23;83%;10:25;;;;7619
2016-02-21 03:10:43;2016-02-21 10:58:25;79%;7:47;;;;3939
2016-02-21 22:22:23;2016-02-22 06:06:34;50%;7:44;;;;1439
2016-02-23 00:13:59;2016-02-23 07:01:18;68%;6:47;;;;12292
2016-02-24 00:34:35;2016-02-24 08:01:46;80%;7:27;;;;12713
2016-02-25 02:52:47;2016-02-25 07:00:55;44%;4:08;;;;10951
2016-02-25 23:48:19;2016-02-26 07:01:19;74%;7:13;;;;10484
2016-02-27 00:13:40;2016-02-27 09:26:40;82%;9:13;;;;5754
2016-02-28 02:00:31;2016-02-28 08:37:02;75%;6:36;;;;3116
2016-02-28 22:13:26;2016-02-29 06:21:13;78%;8:07;;;;1279
2016-02-29 23:33:33;2016-03-01 07:00:50;78%;7:27;;;;5636
2016-03-01 23:03:45;2016-03-02 07:58:17;87%;8:54;;;;7426
2016-03-03 01:21:25;2016-03-03 07:01:08;56%;5:39;;;;9905
2016-03-04 00:37:42;2016-03-04 07:44:47;70%;7:07;;;;7074
2016-03-05 00:33:58;2016-03-05 09:57:26;65%;9:23;;;;7963
2016-03-06 02:34:17;2016-03-06 10:46:51;73%;8:12;;;;5152
2016-03-06 23:12:02;2016-03-07 06:58:17;64%;7:46;;;;1541
2016-03-08 01:58:44;2016-03-08 08:00:13;62%;6:01;;;;6302
2016-03-09 00:47:45;2016-03-09 08:05:11;82%;7:17;;;;8334
2016-03-10 00:36:49;2016-03-10 08:42:54;82%;8:06;;;;5188
2016-03-11 00:13:27;2016-03-11 07:07:24;56%;6:53;;;;7548
2016-03-12 02:11:06;2016-03-12 09:52:17;71%;7:41;;;;6919
2016-03-13 01:11:45;2016-03-13 05:20:11;21%;3:08;;;;20588
2016-03-13 23:23:01;2016-03-14 07:12:42;61%;7:49;;;;2190
2016-03-15 02:34:32;2016-03-15 08:01:36;60%;5:27;;;;3823
2016-03-16 00:41:08;2016-03-16 08:01:01;78%;7:19;;;;5125
2016-03-17 00:20:24;2016-03-17 07:00:45;65%;6:40;;;;5144
2016-03-18 01:52:04;2016-03-18 08:01:12;65%;6:09;;;;6555
2016-03-19 01:49:08;2016-03-19 10:51:11;73%;9:02;;;;7603
2016-03-20 02:25:53;2016-03-20 10:57:43;84%;8:31;;;;3513
2016-03-21 00:03:57;2016-03-21 06:49:50;59%;6:45;;;;1424
2016-03-21 23:12:32;2016-03-22 07:01:58;83%;7:49;;;;11340
2016-03-22 21:42:04;2016-03-23 07:01:07;100%;9:19;;;;9039
2016-03-24 02:18:56;2016-03-24 07:01:26;53%;4:42;;;;9439
2016-03-25 02:38:40;2016-03-25 08:01:05;57%;5:22;;;;6840
2016-03-26 01:26:49;2016-03-26 10:45:55;78%;9:19;;;;4670
2016-03-27 02:39:07;2016-03-27 10:53:30;81%;8:14;;;;1217
2016-03-28 01:25:01;2016-03-28 06:59:53;57%;5:34;;;;446
2016-03-28 23:45:31;2016-03-29 06:58:01;79%;7:12;;;;6778
2016-03-30 01:45:13;2016-03-30 07:12:28;60%;5:27;;;;7443
2016-03-31 01:37:29;2016-03-31 07:00:56;62%;5:23;;;;9506
2016-04-01 00:11:04;2016-04-01 07:48:44;80%;7:37;;;;7165
2016-04-02 00:06:49;2016-04-02 09:47:47;58%;9:40;;;;4748
2016-04-03 01:03:33;2016-04-03 11:03:41;60%;10:00;;;;935
2016-04-04 01:41:42;2016-04-04 08:12:09;73%;6:30;;;;3679
2016-04-04 22:54:07;2016-04-05 08:02:47;96%;9:08;;;;4679
2016-04-06 02:55:44;2016-04-06 08:01:36;54%;5:05;;;;4320
2016-04-07 00:12:35;2016-04-07 06:59:33;57%;6:46;;;;6608
2016-04-08 01:59:01;2016-04-08 07:28:25;59%;5:29;;;;5324
2016-04-09 01:49:05;2016-04-09 10:27:44;99%;8:38;;;;7857
2016-04-10 01:05:37;2016-04-10 06:16:08;56%;5:10;;;;2026
2016-04-10 22:55:29;2016-04-11 08:00:54;95%;9:05;;;;5737
2016-04-11 23:53:37;2016-04-12 07:01:05;79%;7:07;;;;4959
2016-04-13 01:28:07;2016-04-13 08:00:48;68%;6:32;;;;10628
2016-04-14 00:18:17;2016-04-14 06:31:08;70%;6:12;;;;8145
2016-04-15 01:44:48;2016-04-15 07:48:53;62%;6:04;;;;6563
2016-04-16 00:15:14;2016-04-16 09:17:08;83%;9:01;;;;5982
2016-04-17 02:11:04;2016-04-17 10:54:42;93%;8:43;;;;4478
2016-04-18 00:09:05;2016-04-18 05:40:10;55%;5:31;;;;609
2016-04-19 01:40:05;2016-04-19 07:00:30;64%;5:20;;;;13266
2016-04-20 03:14:51;2016-04-20 07:57:22;55%;4:42;;;;9409
2016-04-21 03:02:21;2016-04-21 07:01:03;45%;3:58;;;;8032
2016-04-21 23:25:24;2016-04-22 06:35:59;61%;7:10;;;;4694
2016-04-23 00:33:14;2016-04-23 09:36:50;80%;9:03;;;;8198
2016-04-24 02:54:57;2016-04-24 10:57:21;79%;8:02;;;;4001
2016-04-25 00:40:29;2016-04-25 07:57:04;78%;7:16;;;;3027
2016-04-26 00:33:07;2016-04-26 07:00:55;70%;6:27;;;;9625
2016-04-27 02:44:26;2016-04-27 06:59:56;47%;4:15;;;;13361
2016-04-27 23:03:05;2016-04-28 02:53:05;0%;0:00;;;;8893
2016-04-29 03:46:18;2016-04-29 07:59:48;44%;4:13;;;;7205
2016-04-30 01:30:22;2016-04-30 10:36:04;96%;9:05;;;;2986
2016-05-01 01:05:24;2016-05-01 10:26:42;87%;9:21;;;;1179
2016-05-01 21:04:16;2016-05-02 04:19:43;70%;7:15;;;;1710
2016-05-02 23:11:34;2016-05-03 06:49:31;79%;7:37;;;;4598
2016-05-04 02:58:01;2016-05-04 08:27:19;61%;5:29;;;;7008
2016-05-05 00:38:48;2016-05-05 06:37:41;65%;5:58;;;;5726
2016-05-05 23:52:00;2016-05-06 08:29:44;91%;8:37;;;;4142
2016-05-07 01:54:49;2016-05-07 08:51:45;67%;6:56;;;;5854
2016-05-08 01:52:47;2016-05-08 10:23:41;95%;8:30;;;;2961
2016-05-09 01:34:38;2016-05-09 08:04:53;76%;6:30;;;;3741
2016-05-09 23:10:15;2016-05-10 07:16:07;75%;8:05;;;;6468
2016-05-11 01:00:32;2016-05-11 08:03:39;78%;7:03;;;;5130
2016-05-11 23:44:43;2016-05-12 08:18:24;93%;8:33;;;;5031
2016-05-13 01:59:55;2016-05-13 07:55:53;64%;5:55;;;;7882
2016-05-14 00:37:56;2016-05-14 09:36:11;74%;8:58;;;;6829
2016-05-15 01:45:15;2016-05-15 10:30:15;86%;8:45;;;;5456
2016-05-15 23:35:56;2016-05-16 06:54:23;70%;7:18;;;;4795
2016-05-17 03:12:10;2016-05-17 07:54:31;52%;4:42;;;;8730
2016-05-18 01:19:50;2016-05-18 08:30:46;83%;7:10;;;;8357
2016-05-19 01:51:39;2016-05-19 08:30:41;65%;6:39;;;;8328
2016-05-19 23:51:22;2016-05-20 07:30:14;87%;7:38;;;;6796
2016-05-20 23:56:07;2016-05-21 07:01:30;41%;7:05;;;;6750
2016-05-22 01:11:32;2016-05-22 10:30:44;92%;9:19;;;;13535
2016-05-23 00:04:46;2016-05-23 07:32:24;76%;7:27;;;;1398
2016-05-24 00:25:31;2016-05-24 07:53:30;86%;7:27;;;;7432
2016-05-25 01:40:07;2016-05-25 08:22:19;72%;6:42;;;;6631
2016-05-25 23:52:57;2016-05-26 08:22:22;96%;8:29;;;;7497
2016-05-27 04:16:53;2016-05-27 08:24:54;48%;4:08;;;;5850
2016-05-28 02:57:23;2016-05-28 09:46:53;80%;6:49;;;;6287
2016-05-28 22:27:47;2016-05-29 08:20:50;100%;9:53;;;;2933
2016-05-29 22:52:30;2016-05-30 09:40:23;100%;10:47;;;;656
2016-05-30 23:34:04;2016-05-31 06:48:04;59%;7:13;;;;2428
2016-06-01 01:40:15;2016-06-01 08:04:17;66%;6:24;;;;7425
2016-06-02 02:52:55;2016-06-02 08:13:29;58%;5:20;;;;7793
2016-06-03 03:09:30;2016-06-03 08:13:06;56%;5:03;;;;10055
2016-06-04 01:01:12;2016-06-04 07:58:17;80%;6:57;;;;9575
2016-06-05 02:17:32;2016-06-05 10:06:47;79%;7:49;;;;4803
2016-06-05 23:37:49;2016-06-06 04:56:32;38%;5:18;;;;1233
2016-06-06 22:47:38;2016-06-07 06:09:27;76%;7:21;;;;13690
2016-06-07 06:12:05;2016-06-07 06:28:49;4%;0:16;;;;0
2016-06-08 01:11:42;2016-06-08 07:47:46;76%;6:36;;;;8981
2016-06-09 00:30:49;2016-06-09 07:42:35;77%;7:11;;;;10758
2016-06-10 01:02:52;2016-06-10 07:58:15;66%;6:55;;;;16417
2016-06-10 22:48:35;2016-06-11 07:06:05;73%;8:17;;;;14819
2016-06-12 01:54:34;2016-06-12 07:51:27;54%;5:56;;;;13025
2016-06-13 01:46:59;2016-06-13 07:04:01;51%;5:17;;;;20879
2016-06-14 01:14:56;2016-06-14 08:01:29;78%;6:46;;;;5756
2016-06-15 01:12:57;2016-06-15 08:04:18;77%;6:51;;;;6540
2016-06-15 23:51:52;2016-06-16 07:56:24;86%;8:04;;;;6520
2016-06-17 04:39:36;2016-06-17 08:19:54;38%;3:40;;;;9561
2016-06-18 00:30:59;2016-06-18 07:18:29;75%;6:47;;;;7098
2016-06-19 01:45:25;2016-06-19 06:59:51;65%;5:14;;;;4950
2016-06-19 23:27:06;2016-06-20 07:23:28;76%;7:56;;;;3790
2016-06-21 00:41:44;2016-06-21 07:58:37;78%;7:16;;;;8784
2016-06-22 00:52:23;2016-06-22 06:38:10;64%;5:45;;;;11524
2016-06-23 00:22:11;2016-06-23 08:01:17;83%;7:39;;;;8892
2016-06-24 03:09:54;2016-06-24 08:19:36;61%;5:09;;;;9391
2016-06-25 02:31:37;2016-06-25 09:09:33;75%;6:37;;;;9370
2016-06-26 02:33:01;2016-06-26 06:45:58;61%;4:12;;;;4720
2016-06-26 23:37:46;2016-06-27 07:21:30;77%;7:43;;;;3459
2016-06-28 02:33:27;2016-06-28 08:02:35;62%;5:29;;;;6527
2016-06-28 23:36:14;2016-06-29 08:03:45;87%;8:27;;;;8247
2016-06-30 04:11:50;2016-06-30 08:24:20;48%;4:12;;;;8081
2016-07-01 00:54:12;2016-07-01 09:30:42;67%;8:36;;;;8712
2016-07-02 03:56:29;2016-07-02 08:38:17;49%;4:41;;;;3078
2016-07-03 16:27:03;2016-07-04 01:43:42;100%;9:16;;;;11648
2016-07-04 19:32:49;2016-07-05 01:58:34;70%;6:25;;;;7952
2016-07-05 20:14:54;2016-07-06 02:14:47;63%;5:59;;;;7622
2016-07-06 21:08:09;2016-07-07 02:07:24;55%;4:59;;;;12413
2016-07-07 19:21:48;2016-07-08 01:55:56;69%;6:34;;;;8597
2016-07-08 21:24:27;2016-07-09 02:00:59;50%;4:36;;;;7247
2016-07-09 19:18:49;2016-07-10 02:57:45;83%;7:38;;;;24752
2016-07-10 19:34:29;2016-07-11 01:59:05;67%;6:24;;;;18606
2016-07-11 21:56:45;2016-07-12 01:58:35;50%;4:01;;;;11985
2016-07-12 21:22:02;2016-07-13 04:48:18;71%;7:26;;;;14852
2016-07-13 21:59:40;2016-07-14 05:05:01;77%;7:05;;;;6327
2016-07-14 21:34:20;2016-07-15 03:03:21;50%;5:29;;;;19298
2016-07-15 20:49:35;2016-07-16 00:02:27;35%;3:12;;;;13859
2016-07-16 19:05:53;2016-07-16 23:27:29;54%;4:21;;;;15823
2016-07-17 22:36:57;2016-07-18 07:31:40;68%;8:54;;;;12430
2016-07-18 19:55:32;2016-07-19 06:16:36;66%;10:21;;;;4518
2016-07-19 21:56:04;2016-07-20 03:17:31;52%;5:21;;;;566
2016-07-20 03:45:04;2016-07-20 07:47:00;42%;4:01;;;;566
2016-07-21 01:19:39;2016-07-21 08:24:34;72%;7:04;;;;7279
2016-07-22 01:26:05;2016-07-22 07:19:35;66%;5:53;;;;7562
2016-07-22 23:52:16;2016-07-23 09:21:31;61%;9:29;;;;7108
2016-07-24 01:47:42;2016-07-24 10:43:11;96%;8:55;;;;3207
2016-07-24 22:33:14;2016-07-25 06:45:12;73%;8:11;;;;865
2016-07-25 23:41:38;2016-07-26 06:36:06;81%;6:54;;;;5725
2016-07-27 00:35:45;2016-07-27 07:31:18;83%;6:55;;;;8582
2016-07-28 01:04:41;2016-07-28 07:31:23;62%;6:26;;;;8369
2016-07-29 00:05:35;2016-07-29 07:44:59;80%;7:39;;;;8027
2016-07-30 00:15:26;2016-07-30 10:26:47;73%;10:11;;;;2494
2016-07-31 03:20:13;2016-07-31 10:42:29;81%;7:22;;;;3982
2016-08-01 00:05:04;2016-08-01 07:15:28;68%;7:10;;;;2691
2016-08-02 01:09:55;2016-08-02 08:22:38;78%;7:12;;;;5591
2016-08-03 00:52:45;2016-08-03 07:16:29;69%;6:23;;;;5240
2016-08-04 01:26:00;2016-08-04 07:18:39;58%;5:52;;;;5220
2016-08-05 01:05:56;2016-08-05 05:41:11;54%;4:35;;;;7717
2016-08-05 23:50:13;2016-08-06 08:35:22;83%;8:45;;;;8586
2016-08-07 00:25:17;2016-08-07 06:44:47;67%;6:19;;;;2708
2016-08-07 22:21:03;2016-08-08 07:15:49;82%;8:54;;;;5729
2016-08-09 02:35:02;2016-08-09 07:31:10;53%;4:56;;;;6347
2016-08-10 02:07:07;2016-08-10 07:41:06;65%;5:33;;;;8501
2016-08-11 02:40:07;2016-08-11 07:39:42;56%;4:59;;;;8419
2016-08-12 02:42:43;2016-08-12 07:42:00;56%;4:59;;;;4284
2016-08-13 02:09:05;2016-08-13 11:22:26;100%;9:13;;;;7472
2016-08-13 23:18:36;2016-08-14 09:27:58;100%;10:09;;;;1534
2016-08-15 01:19:17;2016-08-15 07:23:46;52%;6:04;;;;3501
2016-08-16 02:10:40;2016-08-16 07:40:40;61%;5:30;;;;5859
2016-08-17 02:56:33;2016-08-17 07:40:47;53%;4:44;;;;2960
2016-08-18 01:14:57;2016-08-18 07:40:20;64%;6:25;;;;5701
2016-08-19 02:48:54;2016-08-19 07:39:57;56%;4:51;;;;3866
2016-08-20 01:45:46;2016-08-20 07:41:31;72%;5:55;;;;5952
2016-08-21 01:29:46;2016-08-21 09:35:29;92%;8:05;;;;978
2016-08-21 23:54:03;2016-08-22 07:14:43;75%;7:20;;;;1678
2016-08-23 02:05:07;2016-08-23 08:23:40;68%;6:18;;;;8027
2016-08-24 01:21:49;2016-08-24 07:45:30;68%;6:23;;;;7797
2016-08-25 03:55:03;2016-08-25 10:23:00;64%;6:27;;;;7950
2016-08-26 02:26:08;2016-08-26 08:33:32;70%;6:07;;;;6231
2016-08-26 23:08:49;2016-08-27 08:31:57;78%;9:23;;;;2747
2016-08-28 02:33:09;2016-08-28 10:42:21;85%;8:09;;;;1973
2016-08-29 00:04:16;2016-08-29 07:28:21;64%;7:24;;;;1872
2016-08-30 02:25:03;2016-08-30 07:30:18;55%;5:05;;;;4732
2016-08-31 01:01:20;2016-08-31 07:29:12;65%;6:27;;;;7615
2016-09-01 00:20:33;2016-09-01 05:25:57;58%;5:05;;;;7314
2016-09-02 02:23:42;2016-09-02 08:30:31;64%;6:06;;;;8631
2016-09-03 02:47:14;2016-09-03 10:29:05;65%;7:41;;;;3032
2016-09-03 21:54:42;2016-09-04 07:57:30;69%;10:02;;;;2901
2016-09-04 23:47:21;2016-09-05 08:34:00;72%;8:46;;;;1588
2016-09-06 00:21:07;2016-09-06 07:16:11;68%;6:55;;;;2315
2016-09-06 23:36:09;2016-09-07 07:19:11;89%;7:43;;;;9614
2016-09-07 07:19:33;2016-09-07 08:15:37;12%;0:56;;;;0
2016-09-08 00:01:14;2016-09-08 07:52:28;80%;7:51;;;;7972
2016-09-09 04:08:09;2016-09-09 08:01:25;45%;3:53;;;;4144
2016-09-10 00:58:59;2016-09-10 09:52:22;87%;8:53;;;;1718
2016-09-11 03:25:43;2016-09-11 11:25:38;85%;7:59;;;;2795
2016-09-12 00:31:43;2016-09-12 07:14:54;66%;6:43;;;;1730
2016-09-12 22:39:09;2016-09-13 02:59:55;39%;4:20;;;;4077
2016-09-14 00:40:53;2016-09-14 09:38:05;82%;8:57;;;;11959
2016-09-15 02:30:14;2016-09-15 09:43:34;76%;7:13;;;;7546
2016-09-16 03:05:57;2016-09-16 09:59:00;68%;6:53;;;;9105
2016-09-18 01:17:41;2016-09-18 11:15:10;97%;9:57;;;;16594
2016-09-18 23:29:26;2016-09-19 07:04:33;74%;7:35;;;;1348
2016-09-20 02:09:38;2016-09-20 07:46:34;66%;5:36;;;;4033
2016-09-21 01:12:31;2016-09-21 08:00:42;76%;6:48;;;;4134
2016-09-22 01:26:09;2016-09-22 08:00:58;71%;6:34;;;;5642
2016-09-23 02:48:09;2016-09-23 07:49:39;57%;5:01;;;;3529
2016-09-23 23:25:57;2016-09-24 06:37:50;56%;7:11;;;;3393
2016-09-25 02:16:50;2016-09-25 09:56:24;83%;7:39;;;;3543
2016-09-25 23:02:47;2016-09-26 06:51:04;74%;7:48;;;;2755
2016-09-26 22:16:52;2016-09-27 07:26:12;100%;9:09;;;;4570
2016-09-27 21:36:45;2016-09-28 06:48:03;89%;9:11;;;;5260
2016-09-28 22:05:00;2016-09-29 06:08:16;70%;8:03;;;;4296
2016-09-29 22:54:01;2016-09-30 06:25:39;58%;7:31;;;;3295
2016-09-30 23:26:45;2016-10-01 08:13:33;53%;8:46;;;;2902
2016-10-04 01:25:27;2016-10-04 07:39:35;64%;6:14;;;;6047
2016-10-05 02:06:11;2016-10-05 07:45:14;60%;5:39;;;;3892
2016-10-05 21:40:08;2016-10-06 05:35:43;81%;7:55;;;;6307
2016-10-06 22:40:05;2016-10-06 23:10:05;0%;0:00;;;;5363
2016-10-07 00:04:23;2016-10-07 06:30:48;68%;6:26;;;;5363
2016-10-07 23:23:09;2016-10-08 08:34:51;68%;9:11;;;;3056
2016-10-09 00:42:10;2016-10-09 10:27:17;88%;9:45;;;;3226
2016-10-09 23:40:48;2016-10-10 07:18:50;70%;7:38;;;;2329
2016-10-10 22:59:39;2016-10-11 06:55:53;79%;7:56;;;;5271
2016-10-11 21:24:25;2016-10-12 06:45:39;93%;9:21;;;;3711
2016-10-12 21:53:29;2016-10-13 06:45:08;90%;8:51;;;;6152
2016-10-13 22:28:50;2016-10-14 07:23:12;93%;8:54;;;;2580
2016-10-15 00:56:38;2016-10-15 09:17:49;66%;8:21;;;;3705
2016-10-16 02:42:49;2016-10-16 09:28:33;68%;6:45;;;;2374
2016-10-16 23:48:01;2016-10-17 07:38:38;66%;7:50;;;;1399
2016-10-17 23:13:34;2016-10-18 08:26:54;72%;9:13;;;;7442
2016-10-18 21:42:02;2016-10-19 06:34:11;87%;8:52;;;;2907
2016-10-20 00:05:31;2016-10-20 08:01:15;83%;7:55;;;;5881
2016-10-20 22:39:33;2016-10-21 07:50:57;96%;9:11;;;;8502
2016-10-21 22:44:17;2016-10-22 05:58:51;53%;7:14;;;;3653
2016-10-23 01:32:23;2016-10-23 06:26:53;51%;4:54;;;;15859
2016-10-23 23:43:04;2016-10-24 07:14:02;69%;7:30;;;;4049
2016-10-24 22:11:30;2016-10-25 07:23:31;100%;9:12;;;;7118
2016-10-25 23:02:12;2016-10-26 08:20:06;94%;9:17;;;;5912
2016-10-26 23:57:59;2016-10-27 07:40:54;81%;7:42;;;;6206
2016-10-28 01:28:46;2016-10-28 06:15:32;49%;4:46;;;;5424
2016-10-29 00:26:48;2016-10-29 10:14:43;71%;9:47;;;;4694
2016-10-30 01:46:38;2016-10-30 09:41:00;81%;7:54;;;;1578
2016-10-30 22:55:06;2016-10-31 07:12:17;71%;8:17;;;;1498
2016-11-01 02:08:13;2016-11-01 08:31:13;66%;6:22;;;;6024
2016-11-02 00:57:18;2016-11-02 08:24:11;82%;7:26;;;;3429
2016-11-02 20:44:49;2016-11-03 05:47:23;83%;9:02;;;;6424
2016-11-03 23:09:37;2016-11-04 06:20:56;62%;7:11;;;;3510
2016-11-05 00:10:13;2016-11-05 08:53:14;74%;8:43;;;;5745
2016-11-06 01:26:08;2016-11-06 07:56:08;67%;7:29;;;;3276
2016-11-06 23:38:38;2016-11-07 03:23:13;38%;3:44;;;;6056
2016-11-07 23:18:10;2016-11-08 07:31:10;90%;8:13;;;;5433
2016-11-09 02:13:53;2016-11-09 07:00:30;50%;4:46;;;;5911
2016-11-10 00:23:28;2016-11-10 07:53:25;84%;7:29;;;;7325
2016-11-11 01:24:57;2016-11-11 06:20:55;56%;4:55;;;;2464
2016-11-11 23:50:55;2016-11-12 09:08:59;82%;9:18;;;;6374
2016-11-13 01:37:54;2016-11-13 10:51:16;88%;9:13;;;;5405
2016-11-14 00:16:50;2016-11-14 07:29:49;65%;7:12;;;;1365
2016-11-15 00:08:22;2016-11-15 08:39:41;77%;8:31;;;;5140
2016-11-16 00:43:47;2016-11-16 07:42:21;56%;6:58;;;;1481
2016-11-16 23:43:29;2016-11-17 08:30:20;97%;8:46;;;;2796
2016-11-18 04:39:44;2016-11-18 09:02:57;51%;4:23;;;;4629
2016-11-19 02:21:36;2016-11-19 08:36:31;66%;6:14;;;;2207
2016-11-20 00:44:30;2016-11-20 10:21:34;82%;9:37;;;;3520
2016-11-21 01:26:40;2016-11-21 08:26:00;74%;6:59;;;;409
2016-11-22 04:42:48;2016-11-22 09:14:55;51%;4:32;;;;4158
2016-11-23 01:31:50;2016-11-23 08:52:30;83%;7:20;;;;2974
2016-11-24 01:43:43;2016-11-24 06:30:26;49%;4:46;;;;4234
2016-11-24 06:54:33;2016-11-24 09:41:03;29%;2:46;;;;420
2016-11-25 01:19:28;2016-11-25 06:05:16;52%;4:45;;;;3500
2016-11-25 07:51:26;2016-11-25 09:10:15;16%;1:18;;;;517
2016-11-26 02:59:23;2016-11-26 10:42:41;78%;7:43;;;;4984
2016-11-27 00:37:56;2016-11-27 10:33:39;79%;9:55;;;;3284
2016-11-27 22:47:06;2016-11-28 07:14:31;73%;8:27;;;;66
2016-11-28 23:42:17;2016-11-29 08:13:20;90%;8:31;;;;4407
2016-11-29 23:07:00;2016-11-30 08:20:50;94%;9:13;;;;3871
2016-12-01 02:01:34;2016-12-01 06:55:51;58%;4:54;;;;4468
2016-12-02 02:39:01;2016-12-02 08:30:28;69%;5:51;;;;6653
2016-12-03 00:49:32;2016-12-03 09:52:24;82%;9:02;;;;1687
2016-12-04 03:43:07;2016-12-04 09:21:47;55%;5:38;;;;2058
2016-12-05 00:00:58;2016-12-05 07:16:49;76%;7:15;;;;972
2016-12-06 01:34:22;2016-12-06 07:45:46;72%;6:11;;;;6429
2016-12-07 01:33:51;2016-12-07 08:12:27;75%;6:38;;;;4230
2016-12-08 02:35:10;2016-12-08 08:46:53;70%;6:11;;;;4570
2016-12-09 02:05:40;2016-12-09 08:22:52;75%;6:17;;;;3311
2016-12-10 01:15:28;2016-12-10 09:48:23;90%;8:32;;;;3547
2016-12-11 03:46:40;2016-12-11 11:13:50;72%;7:27;;;;3151
2016-12-11 21:49:17;2016-12-12 06:56:55;94%;9:07;;;;1734
2016-12-13 00:39:28;2016-12-13 07:57:28;85%;7:18;;;;4929
2016-12-14 00:50:38;2016-12-14 08:07:57;83%;7:17;;;;4292
2016-12-15 01:01:28;2016-12-15 08:08:34;79%;7:07;;;;4514
2016-12-16 00:28:37;2016-12-16 06:45:40;72%;6:17;;;;3578
2016-12-17 03:12:04;2016-12-17 10:59:15;82%;7:47;;;;5427
2016-12-18 03:44:04;2016-12-18 12:28:26;93%;8:44;;;;4279
2016-12-19 02:56:17;2016-12-19 08:00:49;57%;5:04;;;;1709
2016-12-20 01:50:50;2016-12-20 08:15:04;71%;6:24;;;;4412
2016-12-21 01:07:23;2016-12-21 08:30:12;81%;7:22;;;;3250
2016-12-22 01:39:05;2016-12-22 08:19:39;57%;6:40;;;;8618
2016-12-23 00:18:24;2016-12-23 09:56:58;98%;9:38;;;;5051
2016-12-24 02:06:54;2016-12-24 10:33:35;91%;8:26;;;;5307
2016-12-25 02:04:15;2016-12-25 11:09:28;88%;9:05;;;;8009
2016-12-26 03:38:47;2016-12-26 11:05:15;74%;7:26;;;;1721
2016-12-27 02:08:04;2016-12-27 10:55:01;52%;8:46;;;;913
2016-12-28 01:40:21;2016-12-28 06:30:52;54%;4:50;;;;1433
2016-12-29 02:47:08;2016-12-29 08:10:55;57%;5:23;;;;5196
2016-12-30 03:11:37;2016-12-30 09:50:49;63%;6:39;;;;13901
2016-12-31 01:56:47;2016-12-31 10:12:16;90%;8:15;;;;8026
2017-01-01 01:13:35;2017-01-01 10:06:37;70%;8:53;;;;2668
2017-01-02 00:41:27;2017-01-02 08:28:49;74%;7:47;;;;1883
2017-01-03 00:36:26;2017-01-03 07:04:28;52%;6:28;;;;5644
2017-01-04 02:19:45;2017-01-04 08:05:40;70%;5:45;;;;3673
2017-01-05 01:51:46;2017-01-05 07:03:56;54%;5:12;;;;7559
2017-01-06 01:09:31;2017-01-06 07:32:51;74%;6:23;;;;5673
2017-01-06 23:38:18;2017-01-07 10:07:51;67%;10:29;;;;9508
2017-01-08 02:40:31;2017-01-08 09:24:40;64%;6:44;;;;6307
2017-01-08 22:37:40;2017-01-09 06:50:44;69%;8:13;;;;1917
2017-01-09 23:45:16;2017-01-10 07:01:45;79%;7:16;;;;7340
2017-01-11 01:17:58;2017-01-11 08:00:51;78%;6:42;;;;5995
2017-01-12 00:28:13;2017-01-12 07:00:55;74%;6:32;;;;4396
2017-01-13 02:43:28;2017-01-13 08:16:26;59%;5:32;;;;4059
2017-01-14 00:30:37;2017-01-14 09:26:09;88%;8:55;;;;3649
2017-01-15 01:06:00;2017-01-15 08:34:14;66%;7:28;;;;3756
2017-01-15 23:30:32;2017-01-16 07:30:12;45%;7:59;;;;1208
2017-01-16 23:24:54;2017-01-17 06:55:30;81%;7:30;;;;3281
2017-01-17 23:01:24;2017-01-18 07:58:01;98%;8:56;;;;1567
2017-01-18 22:11:06;2017-01-19 07:01:23;90%;8:50;;;;7994
2017-01-20 00:19:25;2017-01-20 06:15:23;59%;5:55;;;;4237
2017-01-20 23:14:48;2017-01-21 09:14:24;53%;9:59;;;;8049
2017-01-21 23:51:42;2017-01-22 09:56:17;65%;10:04;;;;3296
2017-01-23 00:42:01;2017-01-23 07:34:50;75%;6:52;;;;1826
2017-01-23 22:49:37;2017-01-24 06:52:29;91%;8:02;;;;8428
2017-01-24 23:21:38;2017-01-25 07:50:17;94%;8:28;;;;6930
2017-01-26 00:33:22;2017-01-26 07:01:20;73%;6:27;;;;6397
2017-01-27 00:34:02;2017-01-27 08:30:34;87%;7:56;;;;5323
2017-01-27 23:33:46;2017-01-28 10:27:23;74%;10:53;;;;1533
2017-01-29 00:40:53;2017-01-29 10:10:06;92%;9:29;;;;2105
2017-01-30 00:06:16;2017-01-30 06:50:56;60%;6:44;;;;3296
2017-01-30 23:26:24;2017-01-31 06:43:46;81%;7:17;;;;5341
2017-01-31 23:37:47;2017-02-01 08:00:57;93%;8:23;;;;7140
2017-02-01 23:50:41;2017-02-02 06:55:04;79%;7:04;;;;7292
2017-02-03 02:16:09;2017-02-03 08:36:51;74%;6:20;;;;5770
2017-02-03 23:47:36;2017-02-04 08:47:39;89%;9:00;;;;3106
2017-02-05 02:22:29;2017-02-05 09:00:58;62%;6:38;;;;2880
2017-02-06 00:21:11;2017-02-06 06:55:23;61%;6:34;;;;630
2017-02-06 22:43:27;2017-02-07 06:49:40;88%;8:06;;;;5015
2017-02-08 00:58:59;2017-02-08 07:23:31;73%;6:24;;;;4394
2017-02-09 00:53:49;2017-02-09 06:50:09;66%;5:56;;;;7072
2017-02-10 02:59:23;2017-02-10 07:53:01;48%;4:53;;;;4223
2017-02-10 23:48:22;2017-02-11 09:28:24;84%;9:40;;;;8722
2017-02-12 02:08:58;2017-02-12 10:26:38;82%;8:17;;;;3103
2017-02-12 23:54:50;2017-02-13 06:44:29;55%;6:49;;;;1280
2017-02-14 00:41:35;2017-02-14 07:09:21;71%;6:27;;;;4451
2017-02-14 23:41:23;2017-02-15 06:58:51;55%;7:17;;;;3672
2017-02-15 23:22:37;2017-02-16 06:51:39;88%;7:29;;;;8060
2017-02-16 23:10:54;2017-02-17 08:12:48;85%;9:01;;;;4377
2017-02-17 22:37:37;2017-02-18 08:22:52;73%;9:45;;;;3044
2017-02-19 00:12:17;2017-02-19 08:33:57;87%;8:21;;;;2405
2017-02-19 23:58:47;2017-02-20 06:51:04;62%;6:52;;;;2599
2017-02-21 00:18:19;2017-02-21 06:55:33;74%;6:37;;;;7332
2017-02-21 20:56:42;2017-02-22 05:28:44;92%;8:32;;;;7113
2017-02-22 23:12:33;2017-02-23 05:30:32;67%;6:17;;;;6678
2017-02-23 22:20:56;2017-02-24 06:00:07;79%;7:39;;;;3717
2017-02-24 23:26:52;2017-02-25 08:28:24;84%;9:01;;;;3279
2017-02-26 02:28:07;2017-02-26 09:16:28;75%;6:48;;;;2466
2017-02-27 00:19:59;2017-02-27 06:48:50;66%;6:28;;;;664
2017-02-27 22:05:36;2017-02-28 05:12:21;72%;7:06;;;;6972
2017-03-01 00:41:44;2017-03-01 07:30:34;76%;6:48;;;;6039
2017-03-02 00:31:13;2017-03-02 05:45:49;61%;5:14;;;;4342
2017-03-03 01:21:47;2017-03-03 06:30:59;58%;5:09;;;;3616
2017-03-03 23:48:57;2017-03-04 10:27:24;76%;10:38;;;;4631
2017-03-05 02:29:37;2017-03-05 10:58:51;94%;8:29;;;;5747
2017-03-05 23:33:03;2017-03-06 07:06:16;73%;7:33;;;;1085
2017-03-07 03:11:37;2017-03-07 08:00:41;51%;4:49;;;;3516
2017-03-08 02:16:25;2017-03-08 08:23:04;64%;6:06;;;;5803
2017-03-09 02:40:25;2017-03-09 08:07:50;65%;5:27;;;;4321
2017-03-10 02:17:26;2017-03-10 08:35:31;71%;6:18;;;;2652
2017-03-10 22:17:41;2017-03-11 05:38:08;58%;7:20;;;;4674
2017-03-11 22:26:39;2017-03-12 08:47:28;85%;9:20;;;;14835
2017-03-13 00:01:12;2017-03-13 07:00:37;63%;6:59;;;;7974
2017-03-14 01:38:17;2017-03-14 07:17:31;66%;5:39;;;;6320
2017-03-15 01:09:00;2017-03-15 08:00:50;79%;6:51;;;;8456
2017-03-16 01:03:13;2017-03-16 07:05:47;65%;6:02;;;;6693
2017-03-17 01:24:27;2017-03-17 07:00:54;61%;5:36;;;;7158
2017-03-17 23:36:54;2017-03-18 10:00:48;80%;10:23;;;;4400
2017-03-19 02:47:28;2017-03-19 09:22:30;74%;6:35;;;;3670
2017-03-19 23:47:35;2017-03-20 06:19:55;62%;6:32;;;;1473
2017-03-21 01:00:27;2017-03-21 07:00:55;68%;6:00;;;;7660
2017-03-22 01:31:10;2017-03-22 06:56:14;64%;5:25;;;;5464
2017-03-23 01:22:02;2017-03-23 06:23:57;56%;5:01;;;;5233
2017-03-24 01:32:05;2017-03-24 07:55:00;75%;6:22;;;;4084
2017-03-25 00:35:29;2017-03-25 10:10:58;84%;9:35;;;;3513
2017-03-26 03:47:49;2017-03-26 09:45:26;66%;5:57;;;;3612
2017-03-26 23:05:46;2017-03-27 07:15:08;78%;8:09;;;;2573
2017-03-28 01:17:25;2017-03-28 07:02:00;66%;5:44;;;;5787
2017-03-29 02:26:41;2017-03-29 08:06:43;61%;5:40;;;;4931
2017-03-29 22:49:45;2017-03-30 07:02:56;93%;8:13;;;;8516
2017-03-31 02:31:32;2017-03-31 08:56:14;74%;6:24;;;;4015
2017-04-01 00:01:29;2017-04-01 08:44:49;71%;8:43;;;;3545
2017-04-02 01:55:13;2017-04-02 10:49:36;94%;8:54;;;;2129
2017-04-03 00:09:51;2017-04-03 07:19:11;64%;7:09;;;;957
2017-04-04 00:00:09;2017-04-04 07:01:08;79%;7:00;;;;3253
2017-04-04 21:16:53;2017-04-05 05:29:38;90%;8:12;;;;3343
2017-04-06 00:11:05;2017-04-06 06:45:39;64%;6:34;;;;8057
2017-04-06 22:38:54;2017-04-07 05:49:54;80%;7:11;;;;2225
2017-04-08 00:45:56;2017-04-08 08:55:49;76%;8:09;;;;3132
2017-04-09 00:56:37;2017-04-09 09:27:54;91%;8:31;;;;2706
2017-04-10 00:31:53;2017-04-10 06:58:48;69%;6:26;;;;393
2017-04-10 23:32:21;2017-04-11 06:51:36;81%;7:19;;;;5688
2017-04-11 23:33:58;2017-04-12 07:59:24;97%;8:25;;;;6644
2017-04-13 00:14:23;2017-04-13 07:00:34;76%;6:46;;;;6964
2017-04-14 02:11:51;2017-04-14 08:17:36;70%;6:05;;;;5617
2017-04-15 00:04:33;2017-04-15 10:24:09;81%;10:19;;;;4788
2017-04-16 03:27:33;2017-04-16 10:09:20;72%;6:41;;;;2067
2017-04-17 01:50:09;2017-04-17 06:30:29;48%;4:40;;;;903
2017-04-17 23:17:19;2017-04-18 07:00:57;86%;7:43;;;;4696
2017-04-19 01:31:39;2017-04-19 08:10:22;73%;6:38;;;;7840
2017-04-19 21:01:28;2017-04-20 06:22:45;96%;9:21;;;;6202
2017-04-20 06:31:42;2017-04-20 07:00:03;6%;0:28;;;;13
2017-04-20 22:16:01;2017-04-21 07:00:39;94%;8:44;;;;4526
2017-04-22 00:29:52;2017-04-22 08:10:29;70%;7:40;;;;6096
2017-04-23 01:52:13;2017-04-23 08:59:35;77%;7:07;;;;3242
2017-04-24 01:59:39;2017-04-24 07:14:13;61%;5:14;;;;1701
2017-04-24 21:42:06;2017-04-25 06:30:30;100%;8:48;;;;7305
2017-04-26 00:28:22;2017-04-26 08:00:16;84%;7:31;;;;3833
2017-04-26 22:30:34;2017-04-27 06:30:26;88%;7:59;;;;3443
2017-04-28 00:29:13;2017-04-28 08:17:14;85%;7:48;;;;2759
2017-04-28 23:30:33;2017-04-29 08:21:07;82%;8:50;;;;4098
2017-04-30 01:04:55;2017-04-30 06:19:11;59%;5:14;;;;1233
2017-04-30 23:24:16;2017-05-01 07:30:26;73%;8:06;;;;3364
2017-05-02 01:41:31;2017-05-02 08:16:32;58%;6:35;;;;6403
2017-05-03 02:06:01;2017-05-03 08:15:24;70%;6:09;;;;6037
2017-05-04 02:26:03;2017-05-04 08:28:43;64%;6:02;;;;4941
2017-05-05 01:55:03;2017-05-05 08:15:32;70%;6:20;;;;6137
2017-05-06 00:23:21;2017-05-06 10:09:52;84%;9:46;;;;3455
2017-05-07 02:23:08;2017-05-07 09:51:33;81%;7:28;;;;6622
2017-05-08 00:26:50;2017-05-08 07:17:54;69%;6:51;;;;1286
2017-05-09 02:06:45;2017-05-09 08:15:20;70%;6:08;;;;3752
2017-05-10 01:27:12;2017-05-10 08:33:04;79%;7:05;;;;5312
2017-05-11 00:19:36;2017-05-11 08:13:28;88%;7:53;;;;3962
2017-05-12 03:14:07;2017-05-12 08:34:43;62%;5:20;;;;4444
2017-05-13 00:54:09;2017-05-13 09:17:09;76%;8:22;;;;4006
2017-05-14 01:25:59;2017-05-14 10:15:39;97%;8:49;;;;6060
2017-05-14 23:51:31;2017-05-15 07:00:21;73%;7:08;;;;1916
2017-05-16 02:35:21;2017-05-16 07:45:12;59%;5:09;;;;6489
2017-05-17 00:15:11;2017-05-17 08:25:33;87%;8:10;;;;6107
2017-05-17 23:25:49;2017-05-18 06:40:23;77%;7:14;;;;8118
2017-05-18 23:21:38;2017-05-19 06:59:30;70%;7:37;;;;9417
2017-05-20 02:41:16;2017-05-20 10:28:10;88%;7:46;;;;6668
2017-05-21 01:55:33;2017-05-21 10:16:10;89%;8:20;;;;4009
2017-05-21 23:04:14;2017-05-22 07:10:50;74%;8:06;;;;910
2017-05-23 00:15:11;2017-05-23 07:18:59;72%;7:03;;;;5803
2017-05-24 00:03:31;2017-05-24 08:09:15;85%;8:05;;;;7772
2017-05-24 21:33:36;2017-05-25 06:54:23;94%;9:20;;;;13942
2017-05-25 22:27:47;2017-05-26 08:00:19;93%;9:32;;;;10023
2017-05-26 22:35:35;2017-05-27 07:16:35;73%;8:40;;;;8342
2017-05-28 00:38:04;2017-05-28 08:39:11;76%;8:01;;;;6452
2017-05-28 22:00:44;2017-05-29 07:56:29;71%;9:55;;;;3267
2017-05-29 23:59:54;2017-05-30 07:20:18;68%;7:20;;;;3153
2017-05-30 22:41:24;2017-05-31 06:52:19;86%;8:10;;;;7080
2017-06-01 00:02:10;2017-06-01 06:28:10;63%;6:25;;;;7998
2017-06-02 02:15:54;2017-06-02 07:35:37;54%;5:19;;;;6743
2017-06-02 22:55:51;2017-06-03 03:52:05;53%;4:56;;;;6035
2017-06-03 23:07:48;2017-06-04 08:22:08;91%;9:14;;;;20959
2017-06-05 00:11:25;2017-06-05 07:00:00;64%;6:48;;;;15315
2017-06-06 01:42:59;2017-06-06 07:42:33;63%;5:59;;;;7200
2017-06-07 00:52:50;2017-06-07 07:09:40;73%;6:16;;;;6160
2017-06-08 01:26:05;2017-06-08 06:35:32;28%;5:09;;;;8832
2017-06-09 00:25:06;2017-06-09 07:03:41;65%;6:38;;;;11919
2017-06-10 00:59:42;2017-06-10 08:47:28;63%;7:47;;;;13481
2017-06-11 01:26:41;2017-06-11 09:57:26;71%;8:30;;;;3169
2017-06-11 23:51:53;2017-06-12 06:35:25;57%;6:43;;;;2814
2017-06-12 22:21:32;2017-06-13 07:20:32;91%;8:59;;;;6604
2017-06-13 23:44:40;2017-06-14 07:17:10;84%;7:32;;;;8067
2017-06-14 21:48:16;2017-06-15 06:01:32;93%;8:13;;;;5681
2017-06-16 00:43:51;2017-06-16 07:51:53;76%;7:08;;;;5563
2017-06-16 22:25:33;2017-06-17 08:01:29;71%;9:35;;;;4958
2017-06-18 01:54:03;2017-06-18 09:07:42;70%;7:13;;;;2628
2017-06-18 23:06:11;2017-06-19 07:07:50;73%;8:01;;;;1023
2017-06-20 02:42:28;2017-06-20 07:27:51;46%;4:45;;;;9420
2017-06-20 22:44:07;2017-06-21 08:13:06;94%;9:28;;;;3541
2017-06-21 22:57:39;2017-06-21 23:55:39;0%;0:00;;;;2820
2017-06-21 23:58:10;2017-06-22 06:16:11;70%;6:18;;;;2820
2017-06-22 23:13:27;2017-06-22 23:42:36;6%;0:29;;;;6773
2017-06-23 00:19:08;2017-06-23 07:36:24;81%;7:17;;;;5810
2017-06-24 02:30:26;2017-06-24 08:30:40;61%;6:00;;;;7143
2017-06-25 00:46:31;2017-06-25 09:32:21;90%;8:45;;;;3004
2017-06-25 22:51:34;2017-06-26 07:23:39;80%;8:32;;;;1553
2017-06-27 01:52:48;2017-06-27 07:30:38;63%;5:37;;;;4603
2017-06-27 22:41:41;2017-06-27 23:21:52;9%;0:40;;;;5113
2017-06-27 23:51:31;2017-06-28 07:28:41;81%;7:37;;;;3708
2017-06-28 22:29:57;2017-06-29 05:45:17;75%;7:15;;;;6808
2017-06-30 00:22:19;2017-06-30 07:29:25;80%;7:07;;;;5799
2017-06-30 22:21:32;2017-07-01 07:14:11;73%;8:52;;;;3432
2017-07-02 01:16:28;2017-07-02 09:22:09;73%;8:05;;;;4563
2017-07-02 23:02:18;2017-07-03 07:50:17;77%;8:47;;;;2641
2017-07-04 00:06:29;2017-07-04 06:49:16;58%;6:42;;;;6283
2017-07-04 22:08:55;2017-07-05 06:32:35;76%;8:23;;;;1537
2017-07-05 23:47:29;2017-07-06 07:14:23;79%;7:26;;;;5238
2017-07-07 01:29:42;2017-07-07 07:36:48;66%;6:07;;;;7218
2017-07-08 02:31:39;2017-07-08 07:42:35;51%;5:10;;;;6877
2017-07-09 00:02:13;2017-07-09 09:15:42;77%;9:13;;;;7457
2017-07-09 23:20:59;2017-07-10 06:54:30;69%;7:33;;;;2970
2017-07-10 23:50:04;2017-07-11 07:59:21;83%;8:09;;;;7531
2017-07-11 23:25:59;2017-07-12 08:20:16;95%;8:54;;;;5352
2017-07-12 22:27:04;2017-07-12 23:03:53;8%;0:36;;;;5634
2017-07-12 23:39:40;2017-07-13 06:48:14;76%;7:08;;;;5089
2017-07-14 02:48:57;2017-07-14 07:47:25;51%;4:58;;;;6985
2017-07-14 22:37:05;2017-07-15 08:14:06;86%;9:37;;;;3969
2017-07-16 03:45:05;2017-07-16 08:14:05;44%;4:28;;;;4765
2017-07-16 23:14:53;2017-07-17 07:45:20;75%;8:30;;;;3131
2017-07-18 02:20:32;2017-07-18 08:22:27;64%;6:01;;;;5487
2017-07-19 01:06:16;2017-07-19 08:25:38;81%;7:19;;;;6321
2017-07-20 01:35:22;2017-07-20 06:52:57;56%;5:17;;;;10314
2017-07-21 02:08:25;2017-07-21 08:18:37;68%;6:10;;;;6424
2017-07-21 22:11:10;2017-07-22 08:09:34;79%;9:58;;;;3570
2017-07-23 02:00:41;2017-07-23 08:54:23;69%;6:53;;;;4170
2017-07-23 22:18:29;2017-07-24 07:15:09;82%;8:56;;;;1368
2017-07-25 01:49:36;2017-07-25 08:14:09;74%;6:24;;;;5383
2017-07-26 02:52:00;2017-07-26 08:20:20;62%;5:28;;;;4592
2017-07-26 22:02:32;2017-07-27 06:38:06;95%;8:35;;;;5877
2017-07-28 01:56:51;2017-07-28 08:11:54;69%;6:15;;;;6534
2017-07-29 01:07:41;2017-07-29 09:27:45;71%;8:20;;;;5254
2017-07-30 02:05:11;2017-07-30 09:39:55;79%;7:34;;;;3471
2017-07-30 22:52:32;2017-07-31 06:57:30;85%;8:04;;;;1233
2017-08-01 00:20:52;2017-08-01 07:00:41;73%;6:39;;;;4689
2017-08-02 00:06:19;2017-08-02 07:01:57;79%;6:55;;;;6096
2017-08-03 01:15:54;2017-08-03 07:00:22;66%;5:44;;;;3161
2017-08-03 23:24:39;2017-08-04 07:09:15;88%;7:44;;;;6767
2017-08-04 22:19:11;2017-08-05 08:58:57;88%;10:39;;;;4533
2017-08-06 00:32:20;2017-08-06 10:05:43;97%;9:33;;;;5353
2017-08-06 23:38:08;2017-08-07 06:15:36;65%;6:37;;;;1393
2017-08-07 23:12:14;2017-08-08 07:00:12;85%;7:47;;;;5170
2017-08-09 03:46:52;2017-08-09 07:22:22;41%;3:35;;;;4541
2017-08-09 21:41:45;2017-08-10 07:06:54;100%;9:25;;;;4066
2017-08-11 03:36:36;2017-08-11 07:30:32;43%;3:53;;;;5915
2017-08-12 02:05:42;2017-08-12 09:00:40;73%;6:54;;;;4754
2017-08-13 00:40:33;2017-08-13 09:42:14;81%;9:01;;;;2472
2017-08-14 01:14:28;2017-08-14 06:13:16;49%;4:58;;;;1494
2017-08-14 22:25:17;2017-08-15 07:00:38;92%;8:35;;;;5181
2017-08-16 01:28:15;2017-08-16 07:23:09;66%;5:54;;;;5403
2017-08-16 23:20:22;2017-08-17 07:00:24;77%;7:40;;;;4419
2017-08-18 02:23:16;2017-08-18 07:24:18;52%;5:01;;;;5591
2017-08-18 21:58:41;2017-08-19 07:02:40;83%;9:03;;;;4589
2017-08-19 21:42:59;2017-08-20 09:02:54;81%;11:19;;;;1829
2017-08-20 23:03:52;2017-08-21 07:01:55;64%;7:58;;;;5418
2017-08-21 21:38:54;2017-08-22 07:00:36;96%;9:21;;;;4675
2017-08-23 02:53:51;2017-08-23 08:21:38;62%;5:27;;;;5839
2017-08-24 03:32:31;2017-08-24 07:22:59;47%;3:50;;;;5128
2017-08-25 01:25:05;2017-08-25 08:00:39;76%;6:35;;;;5561
2017-08-25 23:02:03;2017-08-26 09:50:45;93%;10:48;;;;6088
2017-08-27 02:34:17;2017-08-27 11:02:11;89%;8:27;;;;3704
2017-08-27 23:18:01;2017-08-28 06:52:25;82%;7:34;;;;2083
2017-08-28 20:16:31;2017-08-29 05:53:26;92%;9:36;;;;5966
2017-08-29 22:42:25;2017-08-30 07:16:27;80%;8:34;;;;9972
2017-08-31 01:01:51;2017-08-31 07:24:15;72%;6:22;;;;6496
2017-09-01 02:32:18;2017-09-01 07:33:10;61%;5:00;;;;8674
2017-09-01 22:18:15;2017-09-02 08:09:16;93%;9:51;;;;5557
2017-09-03 01:08:02;2017-09-03 08:19:35;79%;7:11;;;;8982
2017-09-03 22:57:04;2017-09-04 08:04:26;85%;9:07;;;;1090
2017-09-04 22:27:57;2017-09-05 06:50:19;84%;8:22;;;;1956
2017-09-06 00:48:18;2017-09-06 07:49:42;82%;7:01;;;;7468
2017-09-06 22:44:36;2017-09-07 07:08:03;93%;8:23;;;;7702
2017-09-08 00:26:29;2017-09-08 07:48:33;83%;7:22;;;;8215
2017-09-08 22:59:13;2017-09-09 09:24:44;82%;10:25;;;;6351
2017-09-10 02:12:04;2017-09-10 09:43:52;88%;7:31;;;;6424
2017-09-11 02:19:53;2017-09-11 08:01:31;67%;5:41;;;;5260
2017-09-11 22:57:20;2017-09-12 08:00:29;100%;9:03;;;;9505
2017-09-13 02:13:57;2017-09-13 08:15:25;71%;6:01;;;;7862
2017-09-14 02:00:33;2017-09-14 07:15:39;63%;5:15;;;;8203
2017-09-15 02:29:59;2017-09-15 08:01:33;67%;5:31;;;;8382
2017-09-15 23:02:37;2017-09-16 06:42:34;80%;7:39;;;;8070
2017-09-17 00:52:28;2017-09-17 06:30:27;61%;5:37;;;;9640
2017-09-17 23:21:44;2017-09-18 07:32:21;89%;8:10;;;;10271
2017-09-18 23:37:38;2017-09-19 07:34:33;67%;7:56;;;;11768
2017-09-20 02:05:44;2017-09-20 07:42:59;56%;5:37;;;;8070
2017-09-21 01:19:59;2017-09-21 09:40:08;85%;8:20;;;;9862
2017-09-22 00:36:29;2017-09-22 07:31:24;82%;6:54;;;;6219
2017-09-22 23:08:34;2017-09-23 10:05:29;86%;10:56;;;;6777
2017-09-24 01:04:33;2017-09-24 10:07:19;95%;9:02;;;;1980
2017-09-25 00:17:34;2017-09-25 06:50:20;64%;6:32;;;;1501
2017-09-26 00:42:52;2017-09-26 08:00:20;78%;7:17;;;;5826
2017-09-27 03:42:34;2017-09-27 07:34:57;37%;3:52;;;;6043
2017-09-28 00:55:32;2017-09-28 07:30:33;77%;6:35;;;;7115
2017-09-29 02:00:03;2017-09-29 07:30:13;69%;5:30;;;;4035
2017-09-29 22:45:25;2017-09-30 09:46:22;87%;11:00;;;;5258
2017-10-01 02:20:13;2017-10-01 10:11:08;84%;7:50;;;;5037
2017-10-01 22:05:24;2017-10-02 06:08:09;83%;8:02;;;;2434
2017-10-02 23:09:04;2017-10-03 08:13:06;100%;9:04;;;;9159
2017-10-03 23:30:00;2017-10-04 07:28:34;86%;7:58;;;;6740
2017-10-04 23:00:30;2017-10-05 08:20:43;99%;9:20;;;;9394
2017-10-05 23:06:25;2017-10-06 04:30:02;61%;5:23;;;;4016
2017-10-06 23:48:21;2017-10-07 09:00:48;93%;9:12;;;;7011
2017-10-08 01:51:18;2017-10-08 09:47:20;93%;7:56;;;;3305
2017-10-08 22:02:17;2017-10-09 06:50:57;91%;8:48;;;;2027
2017-10-10 03:40:10;2017-10-10 08:00:26;52%;4:20;;;;7224
2017-10-11 01:57:38;2017-10-11 07:20:09;65%;5:22;;;;5793
2017-10-11 21:40:05;2017-10-12 05:47:46;92%;8:07;;;;6034
2017-10-12 22:12:21;2017-10-13 06:12:36;82%;8:00;;;;6313
2017-10-14 02:13:27;2017-10-14 08:29:09;59%;6:15;;;;4943
2017-10-15 01:57:03;2017-10-15 09:22:49;87%;7:25;;;;7003
2017-10-15 22:43:32;2017-10-16 07:14:07;94%;8:30;;;;1240
2017-10-16 23:48:34;2017-10-17 08:07:38;97%;8:19;;;;6297
2017-10-18 01:43:07;2017-10-18 07:29:43;65%;5:46;;;;9339
2017-10-19 01:42:11;2017-10-19 08:17:49;79%;6:35;;;;8451
2017-10-20 02:35:07;2017-10-20 07:18:58;58%;4:43;;;;5540
2017-10-21 00:37:37;2017-10-21 09:23:24;95%;8:45;;;;5657
2017-10-22 03:44:16;2017-10-22 10:29:07;74%;6:44;;;;2000
2017-10-23 23:53:37;2017-10-24 08:25:00;96%;8:31;;;;5894
2017-10-25 02:06:45;2017-10-25 07:16:43;59%;5:09;;;;7047
2017-10-26 03:09:55;2017-10-26 08:06:20;56%;4:56;;;;8729
2017-10-27 03:29:58;2017-10-27 08:27:47;51%;4:57;;;;4311
2017-10-28 00:11:23;2017-10-28 09:28:04;100%;9:16;;;;7502
2017-10-29 00:49:15;2017-10-29 09:59:48;96%;9:10;;;;4238
2017-10-29 22:46:19;2017-10-30 05:08:30;70%;6:22;;;;46
2017-10-31 03:05:51;2017-10-31 08:55:19;71%;5:49;;;;7969
2017-11-01 02:04:03;2017-11-01 08:19:22;73%;6:15;;;;6170
2017-11-01 23:48:20;2017-11-02 08:25:41;99%;8:37;;;;7020
2017-11-03 03:44:27;2017-11-03 08:09:41;50%;4:25;;;;6424
2017-11-03 23:04:00;2017-11-04 08:51:46;82%;9:47;;;;2024
2017-11-05 01:32:14;2017-11-05 08:42:44;74%;7:10;;;;6684
2017-11-05 22:50:00;2017-11-06 06:35:43;76%;7:45;;;;965
2017-11-07 02:16:37;2017-11-07 07:50:52;63%;5:34;;;;7515
2017-11-07 22:01:34;2017-11-08 07:58:38;84%;9:57;;;;5672
2017-11-09 01:26:12;2017-11-09 08:01:54;60%;6:35;;;;8846
2017-11-10 02:47:49;2017-11-10 07:30:20;51%;4:42;;;;6461
2017-11-10 23:29:57;2017-11-11 08:13:14;74%;8:43;;;;5183
2017-11-12 04:16:31;2017-11-12 08:56:23;58%;4:39;;;;4009
2017-11-12 22:48:25;2017-11-13 07:06:38;90%;8:18;;;;2013
2017-11-14 01:39:21;2017-11-14 08:28:46;79%;6:49;;;;5840
2017-11-14 23:51:34;2017-11-15 07:45:56;85%;7:54;;;;7462
2017-11-16 03:24:39;2017-11-16 08:00:38;58%;4:35;;;;6816
2017-11-17 01:03:41;2017-11-17 07:40:26;84%;6:36;;;;4734
2017-11-18 00:18:11;2017-11-18 09:40:19;72%;9:22;;;;7544
2017-11-19 01:40:38;2017-11-19 10:55:47;75%;9:15;;;;4471
2017-11-19 23:20:16;2017-11-20 06:42:05;75%;7:21;;;;1351
2017-11-21 02:44:15;2017-11-21 08:50:12;70%;6:05;;;;8830
2017-11-22 00:17:04;2017-11-22 08:00:33;82%;7:43;;;;7429
2017-11-23 03:02:28;2017-11-23 09:52:24;76%;6:49;;;;10321
2017-11-24 02:35:56;2017-11-24 11:49:36;95%;9:13;;;;3305
2017-11-25 03:10:33;2017-11-25 11:12:31;85%;8:01;;;;2311
2017-11-26 02:29:33;2017-11-26 08:46:00;70%;6:16;;;;894
2017-11-27 01:49:45;2017-11-27 06:36:03;52%;4:46;;;;1607
2017-11-28 02:27:28;2017-11-28 07:45:23;61%;5:17;;;;5619
2017-11-29 01:51:42;2017-11-29 07:45:28;64%;5:53;;;;5051
2017-11-30 02:35:45;2017-11-30 08:58:10;65%;6:22;;;;6180
2017-12-01 02:42:29;2017-12-01 08:00:54;67%;5:18;;;;6981
2017-12-01 23:45:21;2017-12-02 07:33:42;71%;7:48;;;;6228
2017-12-03 01:23:18;2017-12-03 10:30:06;99%;9:06;;;;4698
2017-12-03 23:54:07;2017-12-04 08:00:22;90%;8:06;;;;4023
2017-12-05 00:52:30;2017-12-05 08:25:05;87%;7:32;;;;7299
2017-12-06 00:55:51;2017-12-06 07:45:00;70%;6:49;;;;5766
2017-12-07 02:28:23;2017-12-07 08:38:23;69%;6:09;;;;12352
2017-12-08 02:39:53;2017-12-08 08:08:26;63%;5:28;;;;4338
2017-12-08 23:54:07;2017-12-09 07:43:39;83%;7:49;;;;5148
2017-12-10 02:02:54;2017-12-10 09:53:25;87%;7:50;;;;3389
2017-12-10 21:56:54;2017-12-11 06:33:04;81%;8:36;;;;2558
2017-12-12 00:28:21;2017-12-12 08:30:24;91%;8:02;;;;5044
2017-12-13 02:50:27;2017-12-13 08:21:54;59%;5:31;;;;5007
2017-12-13 20:58:44;2017-12-14 04:02:02;72%;7:03;;;;5689
2017-12-15 02:41:08;2017-12-15 08:36:26;60%;5:55;;;;6468
2017-12-16 01:07:02;2017-12-16 07:33:07;64%;6:26;;;;4832
2017-12-17 01:17:39;2017-12-17 11:05:47;78%;9:48;;;;5557
2017-12-17 22:30:57;2017-12-18 06:05:22;66%;7:34;;;;1087
2017-12-18 23:57:40;2017-12-19 08:00:37;92%;8:02;;;;3731
2017-12-20 02:38:26;2017-12-20 08:28:40;65%;5:50;;;;3777
2017-12-21 00:17:42;2017-12-21 08:30:32;96%;8:12;;;;5161
2017-12-22 01:38:16;2017-12-22 08:32:29;76%;6:54;;;;5384
2017-12-23 01:27:58;2017-12-23 09:31:57;66%;8:03;;;;5052
2017-12-24 02:53:57;2017-12-24 10:29:26;82%;7:35;;;;7717
2017-12-25 03:44:38;2017-12-25 05:31:04;23%;1:46;;;;6102
2017-12-25 23:06:29;2017-12-26 07:47:11;53%;8:40;;;;13426
2017-12-27 01:58:39;2017-12-27 07:30:57;32%;5:32;;;;24330
2017-12-28 02:07:12;2017-12-28 10:55:32;59%;8:48;;;;20058
2017-12-29 00:37:28;2017-12-29 06:28:01;39%;5:50;;;;13596
2017-12-30 01:20:32;2017-12-30 09:07:52;46%;7:47;;;;22275
2017-12-31 00:22:42;2017-12-31 06:29:58;64%;6:07;;;;4893
2018-01-01 01:01:42;2018-01-01 09:21:05;83%;8:19;;;;5190
2018-01-01 21:49:34;2018-01-02 09:40:58;84%;11:51;;;;950
2018-01-02 19:47:23;2018-01-03 07:56:22;88%;12:08;;;;1704
2018-01-03 21:22:07;2018-01-04 08:01:06;83%;10:38;;;;4582
2018-01-04 20:40:46;2018-01-05 07:57:17;81%;11:16;;;;4237
2018-01-05 23:40:44;2018-01-06 09:08:48;75%;9:28;;;;8674
2018-01-06 23:26:06;2018-01-07 09:39:48;89%;10:13;;;;2208
2018-01-07 23:01:22;2018-01-08 07:14:55;86%;8:13;;;;729
2018-01-09 01:04:10;2018-01-09 08:15:44;76%;7:11;;;;6795
2018-01-09 20:37:05;2018-01-10 06:51:58;89%;10:14;;;;6124
2018-01-10 22:34:39;2018-01-11 08:21:04;100%;9:46;;;;5816
2018-01-11 22:43:06;2018-01-12 07:06:04;86%;8:22;;;;4235
2018-01-12 22:18:10;2018-01-13 08:22:13;91%;10:04;;;;6992
2018-01-14 01:42:38;2018-01-14 08:54:43;79%;7:12;;;;5320
2018-01-14 23:46:38;2018-01-15 07:08:14;77%;7:21;;;;2265
2018-01-15 23:42:55;2018-01-16 08:14:20;99%;8:31;;;;3763
2018-01-16 21:06:35;2018-01-17 07:42:40;95%;10:36;;;;5309
2018-01-18 02:05:39;2018-01-18 08:12:02;68%;6:06;;;;5428
2018-01-19 00:17:34;2018-01-19 08:25:13;90%;8:07;;;;4522
2018-01-19 22:29:49;2018-01-20 06:04:59;72%;7:35;;;;2948
2018-01-20 23:52:37;2018-01-21 08:43:05;97%;8:50;;;;3998
2018-01-21 22:02:44;2018-01-22 07:12:15;90%;9:09;;;;2520
2018-01-22 23:42:30;2018-01-23 08:15:04;88%;8:32;;;;7071
2018-01-24 01:37:20;2018-01-24 07:48:50;70%;6:11;;;;4631
2018-01-25 01:50:59;2018-01-25 08:22:40;70%;6:31;;;;7723
2018-01-26 04:04:50;2018-01-26 08:49:48;54%;4:44;;;;4751
2018-01-26 23:31:26;2018-01-27 08:41:24;81%;9:09;;;;10201
2018-01-28 03:13:28;2018-01-28 10:18:19;70%;7:04;;;;3121
2018-01-28 23:33:14;2018-01-29 07:07:29;76%;7:34;;;;2421
2018-01-30 00:46:09;2018-01-30 07:42:09;78%;6:55;;;;6048
2018-01-31 02:14:53;2018-01-31 08:13:13;69%;5:58;;;;7400
2018-01-31 23:39:51;2018-02-01 06:00:20;72%;6:20;;;;5694
2018-02-02 00:45:53;2018-02-02 08:30:17;91%;7:44;;;;6872
2018-02-02 22:46:35;2018-02-03 08:50:06;88%;10:03;;;;6806
2018-02-04 02:23:00;2018-02-04 10:16:20;85%;7:53;;;;5216
2018-02-04 23:01:23;2018-02-05 06:43:32;80%;7:42;;;;4719
2018-02-06 00:19:34;2018-02-06 08:25:33;89%;8:05;;;;7511
2018-02-07 00:16:45;2018-02-07 08:21:29;90%;8:04;;;;6478
2018-02-08 03:03:50;2018-02-08 08:34:54;61%;5:31;;;;8452
2018-02-09 01:17:03;2018-02-09 08:34:50;82%;7:17;;;;5850
2018-02-10 02:58:40;2018-02-10 07:40:14;52%;4:41;;;;9312
2018-02-10 23:34:40;2018-02-11 10:13:50;90%;10:39;;;;5610
2018-02-11 22:16:22;2018-02-12 07:55:46;93%;9:39;;;;7154
2018-02-13 02:56:26;2018-02-13 08:11:24;61%;5:14;;;;9770
2018-02-14 01:20:12;2018-02-14 08:18:07;82%;6:57;;;;6694
2018-02-14 22:39:49;2018-02-15 06:53:37;80%;8:13;;;;6170
2018-02-16 01:52:23;2018-02-16 07:57:30;68%;6:05;;;;10902
2018-02-16 22:56:22;2018-02-17 09:02:15;86%;10:05;;;;6489
2018-02-18 02:00:26;2018-02-18 09:46:10;86%;7:45;;;;7779
2018-02-18 23:54:56;2018-02-19 07:16:30;73%;7:21;;;;3527
2018-02-20 02:30:48;2018-02-20 08:44:39;72%;6:13;;;;8884
2018-02-20 23:57:15;2018-02-21 08:30:19;93%;8:33;;;;6753
2018-02-22 01:16:06;2018-02-22 08:30:16;80%;7:14;;;;10105
2018-02-23 01:27:25;2018-02-23 08:22:56;79%;6:55;;;;6085
2018-02-23 23:16:38;2018-02-24 08:25:25;94%;9:08;;;;5892
2018-02-25 02:01:26;2018-02-25 09:19:46;78%;7:18;;;;9096
2018-02-25 22:26:25;2018-02-26 07:08:47;90%;8:42;;;;3949
2018-02-27 00:38:38;2018-02-27 08:30:33;90%;7:51;;;;11243
2018-02-27 23:27:46;2018-02-28 08:00:13;92%;8:32;;;;7116
2018-03-01 01:08:15;2018-03-01 08:08:38;77%;7:00;;;;9833
2018-03-02 01:42:43;2018-03-02 08:34:43;77%;6:51;;;;9782
2018-03-02 22:33:45;2018-03-03 08:19:13;85%;9:45;;;;7995
2018-03-04 01:28:51;2018-03-04 09:19:17;74%;7:50;;;;6161
2018-03-04 23:37:04;2018-03-05 07:14:59;84%;7:37;;;;3719
2018-03-06 01:10:21;2018-03-06 08:25:05;80%;7:14;;;;7964
2018-03-07 03:09:29;2018-03-07 08:30:36;59%;5:21;;;;8003
2018-03-09 01:57:16;2018-03-09 08:30:11;77%;6:32;;;;8266
2018-03-09 23:39:04;2018-03-10 08:20:23;93%;8:41;;;;3695
2018-03-11 01:47:52;2018-03-11 09:36:04;70%;6:48;;;;4684
2018-03-12 00:08:08;2018-03-12 07:21:24;72%;7:13;;;;5190
2018-03-13 00:00:34;2018-03-13 08:10:36;91%;8:10;;;;6607
2018-03-14 00:02:37;2018-03-14 08:11:35;95%;8:08;;;;7689
2018-03-15 01:13:24;2018-03-15 08:16:36;80%;7:03;;;;9896
2018-03-16 01:59:29;2018-03-16 08:30:18;74%;6:30;;;;9166
2018-03-16 23:46:48;2018-03-17 08:22:36;93%;8:35;;;;6549
2018-03-18 02:48:41;2018-03-18 10:38:01;84%;7:49;;;;6883
2018-03-18 22:21:26;2018-03-19 08:18:56;100%;9:57;;;;4555
2018-03-20 01:03:10;2018-03-20 08:24:15;82%;7:21;;;;6616
2018-03-21 01:16:37;2018-03-21 08:22:13;76%;7:05;;;;9791
2018-03-22 00:53:54;2018-03-22 08:25:42;85%;7:31;;;;6782
2018-03-23 03:42:45;2018-03-23 08:33:53;55%;4:51;;;;7297
2018-03-23 22:57:22;2018-03-24 08:35:47;93%;9:38;;;;5328
2018-03-25 03:15:40;2018-03-25 11:03:37;82%;7:47;;;;7701
2018-03-25 23:17:04;2018-03-26 07:13:57;90%;7:56;;;;4060
2018-03-27 02:36:19;2018-03-27 08:42:31;69%;6:06;;;;6114
2018-03-28 04:04:06;2018-03-28 08:50:56;54%;4:46;;;;5035
2018-03-28 23:59:24;2018-03-29 07:15:14;79%;7:15;;;;9105
2018-03-30 03:38:55;2018-03-30 08:55:15;61%;5:16;;;;6520
2018-03-30 23:41:09;2018-03-31 09:52:06;97%;10:10;;;;7172
2018-04-01 02:39:04;2018-04-01 10:29:36;83%;7:50;;;;7825
2018-04-01 23:19:07;2018-04-02 07:07:16;89%;7:48;;;;2836
2018-04-03 02:30:49;2018-04-03 08:28:03;62%;5:57;;;;5378
2018-04-03 20:34:26;2018-04-04 01:37:13;45%;5:02;;;;3514
2018-04-04 01:37:53;2018-04-04 08:17:43;45%;6:39;;;;3539
